Workbook

Sheet  Bem-vindo
A1: =SumWorld!A1 -> Prezado(a) usuário(a): Esta é a versão de 7 de novembro de 2014, às 11h, da planilha de 2052 de Ulrich Goluke (2052@blue-way.net)
A3: As folhas contêm os dados do livro 2052 de Jorgen Randers.
A4: Listamos as fontes e você pode ver as fórmulas que usamos.
A5: Além disso, você pode criar sua própria previsão, alterando as células que estão sobrepostas em amarelo.
A6: Você não pode alterar nenhuma outra célula.
A7: A planilha SumWorld soma automaticamente as 5 regiões. Portanto, se você quiser alterar o mundo, precisa começar pelas regiões.
A8: Utilizamos o seguinte código de cores:
A9: Dados históricos | D9: Sua previsão
A10: Previsão de Randers | D10: Calculado a partir da sua previsão.
A11: Valores calculados | D11: Suas próprias células de referência
A13: Se encontrar algum erro, por favor, nos avise: 2052@blue-way.net

Sheet  EUA
A1: =SumWorld!A1 -> Prezado(a) usuário(a): Esta é a versão de 7 de novembro de 2014, às 11h, da planilha de 2052 de Ulrich Goluke (2052@blue-way.net)
A2: =SumWorld!A2 -> Prezado(a) usuário(a): O lado esquerdo desta planilha contém os dados numéricos e os gráficos que você também encontra no livro de 2052. | U2: =SumWorld!U2 -> Prezado(a) usuário(a): Os cálculos nesta parte à direita da planilha garantem o dimensionamento correto dos gráficos.
U3: =SumWorld!U3 -> Contém também a fonte dos dados históricos.
I4: Código de cores | J4: Dados históricos | M4: Sua previsão
A5: EUA | J5: Previsão de Randers | M5: Calculado a partir da sua previsão.
J6: Valores calculados | M6: Suas próprias células de referência
A7: =CONCATENATE("Graph 1. Population - ",A5," 1970 to 2050") -> Gráfico 1. População - EUA, de 1970 a 2050
B8: 1970 | C8: 1975 | D8: 1980 | E8: 1985 | F8: 1990 | G8: 1995 | H8: 2000 | I8: 2005 | J8: 2010 | K8: 2015 | L8: 2020 | M8: 2025 | N8: 2030 | O8: 2035 | P8: 2040 | Q8: 2045 | R8: 2050 | S8: Unidades
A9: População, EUA | B9: 212.24347 | C9: 222.13306 | D9: 233.11944 | E9: 244.60382 | F9: 256.97116 | G9: 270.13235 | H9: 286.41917 | I9: 300.71164 | J9: 314.24201 | K9: =J9+(J10-J11)*5 -> 322.55952 | L9: =K9+(K10-K11)*5 -> 329.63188 | M9: =L9+(L10-L11)*5 -> 335.65485 | N9: =M9+(M10-M11)*5 -> 340.26105 | O9: =N9+(N10-N11)*5 -> 343.10315 | P9: =O9+(O10-O11)*5 -> 344.01756 | Q9: =P9+(P10-P11)*5 -> 343.15168 | R9: =Q9+(Q10-Q11)*5 -> 340.81722 | S9: Deputado | U9: A tabela original foi baixada de http://esa.un.org/unpd/wpp/Excel-Data/DB03_Population_ByAgeSex_Quinquennial/WPP2010_DB3_F1_POPULATION_BY_AGE_BOTH_SEXES.XLS
A10: Nascimentos, EUA | B10: 3.4435702 | C10: 3.4555056 | D10: 3.7199186 | E10: 3.936335 | F10: 4.030714 | G10: 3.943802 | H10: 4.1353104 | I10: 4.2960796 | J10: =J9*J12/100 -> 4.3365398 | K10: =K9*K12/100 -> 4.1932737 | L10: =L9*L12/100 -> 4.1203985 | M10: =M9*M12/100 -> 4.0278582 | N10: =N9*N12/100 -> 3.9130021 | O10: =O9*O12/100 -> 3.7741346 | P10: =P9*P12/100 -> 3.6121844 | Q10: =Q9*Q12/100 -> 3.4315168 | R10: =R9*R12/100 -> 3.2377636 | S10: Mp/ano | U10: Último acesso em 11 de abril de 2012
A11: Mortes, EUA | B11: 1.9959064 | C11: 1.9594826 | D11: 2.0725094 | E11: 2.206858 | F11: 2.288043 | G11: 2.3846672 | H11: 2.4844 | I11: 2.5512516 | J11: =J9*J13/100 -> 2.6730392 | K11: =K9*K13/100 -> 2.7788004 | L11: =L9*L13/100 -> 2.915805 | M11: =M9*M13/100 -> 3.1066172 | N11: =N9*N13/100 -> 3.3445838 | O11: =O9*O13/100 -> 3.5912513 | P11: =P9*P13/100 -> 3.7853617 | Q11: =Q9*Q13/100 -> 3.8984084 | R11: =R9*R13/100 -> 3.928395 | S11: Mp/ano | U11: Para valores futuros, foi utilizada a variante BAIXA.
A12: taxa bruta de natalidade | B12: =B10/B9*100 -> 1.6224622 | C12: =C10/C9*100 -> 1.5556017 | D12: =D10/D9*100 -> 1.5957136 | E12: =E10/E9*100 -> 1.6092696 | F12: =F10/F9*100 -> 1.5685472 | G12: =G10/G9*100 -> 1.4599517 | H12: =H10/H9*100 -> 1.4437966 | I12: =I10/I9*100 -> 1.4286376 | J12: 1.38 | K12: 1.3 | L12: 1.25 | M12: 1.2 | N12: 1.15 | O12: 1.1 | P12: 1.05 | Q12: 1 | R12: 0.95 | S12: % por ano
A13: taxa bruta de mortalidade | B13: =B11/B9*100 -> 0.94038528 | C13: =C11/C9*100 -> 0.88212111 | D13: =D11/D9*100 -> 0.88903329 | E13: =E11/E9*100 -> 0.9022173 | F13: =F11/F9*100 -> 0.89038901 | G13: =G11/G9*100 -> 0.88277734 | H13: =H11/H9*100 -> 0.86740003 | I13: =I11/I9*100 -> 0.84840466 | J13: 0.85063075 | K13: 0.86148456 | L13: 0.88456402 | M13: 0.92553918 | N13: 0.9829464 | O13: 1.0466973 | P13: 1.1003397 | Q13: 1.1360598 | R13: 1.1526398 | S13: % por ano
A14: Sua previsão
G15: taxa bruta de natalidade | I15: Sua previsão | J15: 1.38 | K15: =K12*0.98 -> 1.274 | L15: =L12*0.98 -> 1.225 | M15: =M12*0.98 -> 1.176 | N15: =N12*0.98 -> 1.127 | O15: =O12*0.98 -> 1.078 | P15: =P12*0.98 -> 1.029 | Q15: =Q12*0.98 -> 0.98 | R15: =R12*0.98 -> 0.931 | S15: % por ano
G16: taxa bruta de mortalidade | I16: Sua previsão | J16: 0.85 | K16: =K13*0.98 -> 0.84425487 | L16: =L13*0.98 -> 0.86687274 | M16: =M13*0.98 -> 0.9070284 | N16: =N13*0.98 -> 0.96328748 | O16: =O13*0.98 -> 1.0257633 | P16: =P13*0.98 -> 1.0783329 | Q16: =Q13*0.98 -> 1.1133386 | R16: =R13*0.98 -> 1.129587 | S16: % por ano
I17: População, EUA | K17: =J9+(J18-J19)*5 -> 322.56943 | L17: =K17+(K18-K19)*5 -> 329.50056 | M17: =L17+(L18-L19)*5 -> 335.40071 | N17: =M17+(M18-M19)*5 -> 339.91138 | O17: =N17+(N18-N19)*5 -> 342.69377 | P17: =O17+(O18-O19)*5 -> 343.58882 | Q17: =P17+(P18-P19)*5 -> 342.74131 | R17: =Q17+(Q18-Q19)*5 -> 340.45628 | S17: Deputado
I18: Nascimentos, EUA | J18: =J9*J15/100 -> 4.3365398 | K18: =K17*K15/100 -> 4.1095345 | L18: =L17*L15/100 -> 4.0363818 | M18: =M17*M15/100 -> 3.9443124 | N18: =N17*N15/100 -> 3.8308012 | O18: =O17*O15/100 -> 3.6942388 | P18: =P17*P15/100 -> 3.535529 | Q18: =Q17*Q15/100 -> 3.3588649 | R18: =R17*R15/100 -> 3.169648 | S18: Mp/ano
I19: Mortes, EUA | J19: =J9*J16/100 -> 2.6710571 | K19: =K17*K16/100 -> 2.7233081 | L19: =L17*L16/100 -> 2.8563505 | M19: =M17*M16/100 -> 3.0421797 | N19: =N17*N16/100 -> 3.2743237 | O19: =O17*O16/100 -> 3.515227 | P19: =P17*P16/100 -> 3.7050312 | Q19: =Q17*Q16/100 -> 3.8158715 | R19: =R17*R16/100 -> 3.8457499 | S19: Mp/ano
A20: Apenas para fins informativos
A21: Previsão baixa da população da ONU | K21: 325.10048 | L21: 334.00151 | M21: 341.17873 | N21: 347.55097 | O21: 352.96979 | P21: 357.08974 | Q21: 359.48494 | R21: 360.24558 | S21: Deputado
A22: Nascimentos: baixa previsão da ONU | J22: 3.8694828 | K22: 3.6454144 | L22: 3.4878694 | M22: 3.5298724 | N22: 3.595832 | O22: 3.6132888 | P22: 3.5047634 | Q22: 3.3347716 | R22: 3.2161554 | S22: Mp/ano
A23: Mortes: previsão baixa da ONU | J23: 2.6730392 | K23: 2.8006904 | L23: 2.9544572 | M23: 3.1577428 | N23: 3.4162398 | O23: 3.6945252 | P23: 3.9292 | Q23: 4.083964 | R23: 4.152334 | S23: Mp/ano
A24: Baixa taxa de natalidade da ONU | J24: =J22/J9*100 -> 1.2313703 | K24: =K22/K21*100 -> 1.1213193 | L24: =L22/L21*100 -> 1.0442676 | M24: =M22/M21*100 -> 1.0346109 | N24: =N22/N21*100 -> 1.03462 | O24: =O22/O21*100 -> 1.0236822 | P24: =P22/P21*100 -> 0.98147974 | Q24: =Q22/Q21*100 -> 0.92765266 | R24: =R22/R21*100 -> 0.89276748 | S24: % por ano
A25: Baixa taxa de mortalidade da ONU | J25: =J23/J9*100 -> 0.85063075 | K25: =K23/K21*100 -> 0.86148456 | L25: =L23/L21*100 -> 0.88456402 | M25: =M23/M21*100 -> 0.92553918 | N25: =N23/N21*100 -> 0.9829464 | O25: =O23/O21*100 -> 1.0466973 | P25: =P23/P21*100 -> 1.1003397 | Q25: =Q23/Q21*100 -> 1.1360598 | R25: =R23/R21*100 -> 1.1526398 | S25: % por ano | X25: Prezado(a) usuário(a): Utilize a tabela amarela abaixo para definir o valor máximo nos eixos verticais do gráfico.
E26: Para taxas: o valor inserido no ano n é o valor médio anual entre n e n+5. | V26: Valor máximo no eixo vertical | AA26: Cálculos realizados para ajustar todas as variáveis para valores entre 0 e 1.
U27: Para o gráfico à esquerda, nomes das variáveis (unidade) | V27: nos gráficos originais de Randers | W27: Na sua previsão | AB27: 1970 | AC27: 1975 | AD27: 1980 | AE27: 1985 | AF27: 1990 | AG27: 1995 | AH27: 2000 | AI27: 2005 | AJ27: 2010 | AK27: 2015 | AL27: 2020 | AM27: 2025 | AN27: 2030 | AO27: 2035 | AP27: 2040 | AQ27: 2045 | AR27: 2050
U28: =AA28 -> População, EUA (0 - 0,35 Gp) | V28: 350 | W28: =W38 -> 350 | AA28: =CONCATENATE(A9," (0 - ",W28/1000," Gp)") -> População, EUA (0 - 0,35 Gp) | AB28: =B9/$W28 -> 0.60640993 | AC28: =C9/$W28 -> 0.63466588 | AD28: =D9/$W28 -> 0.66605554 | AE28: =E9/$W28 -> 0.69886806 | AF28: =F9/$W28 -> 0.73420333 | AG28: =G9/$W28 -> 0.77180672 | AH28: =H9/$W28 -> 0.8183405 | AI28: =I9/$W28 -> 0.85917613 | ... AR28: =R9/$W28 -> 0.97376348
U29: =AA29 -> Nascimentos, EUA (0 - 9 milhões/ano) | V29: 7 | W29: =W39 -> 9 | AA29: =CONCATENATE(A10," (0 - ",W29," Mp / yr)") -> Nascimentos, EUA (0 - 9 milhões/ano) | AB29: =B10/$W29 -> 0.38261891 | AC29: =C10/$W29 -> 0.38394507 | AD29: =D10/$W29 -> 0.41332429 | AE29: =E10/$W29 -> 0.43737056 | AF29: =F10/$W29 -> 0.44785711 | AG29: =G10/$W29 -> 0.43820022 | AH29: =H10/$W29 -> 0.45947893 | AI29: =I10/$W29 -> 0.47734218 | ... AR29: =R10/$W29 -> 0.35975151
U30: =AA30 -> Mortes, EUA (0 - 5 milhões/ano) | V30: 5 | W30: =W40 -> 5 | AA30: =CONCATENATE(A11," (0 - ",W30," Mp / yr)") -> Mortes, EUA (0 - 5 milhões/ano) | AB30: =B11/$W30 -> 0.39918128 | AC30: =C11/$W30 -> 0.39189652 | AD30: =D11/$W30 -> 0.41450188 | AE30: =E11/$W30 -> 0.4413716 | AF30: =F11/$W30 -> 0.4576086 | AG30: =G11/$W30 -> 0.47693344 | AH30: =H11/$W30 -> 0.49688 | AI30: =I11/$W30 -> 0.51025032 | ... AR30: =R11/$W30 -> 0.78567899
U31: =AA31 -> Taxa bruta de natalidade (0 - 2 % / ano) | V31: 2 | W31: =W41 -> 2 | AA31: =CONCATENATE(A12," (0 - ",W31," % / yr)") -> Taxa bruta de natalidade (0 - 2 % / ano) | AB31: =B12/$W31 -> 0.81123111 | AC31: =C12/$W31 -> 0.77780084 | AD31: =D12/$W31 -> 0.79785681 | AE31: =E12/$W31 -> 0.80463481 | AF31: =F12/$W31 -> 0.7842736 | AG31: =G12/$W31 -> 0.72997587 | AH31: =H12/$W31 -> 0.72189832 | AI31: =I12/$W31 -> 0.7143188 | ... AR31: =R12/$W31 -> 0.475
U32: =AA32 -> Taxa bruta de mortalidade (0 - 2 % / ano) | V32: 2 | W32: =W42 -> 2 | AA32: =CONCATENATE(A13," (0 - ",W32," % / yr)") -> Taxa bruta de mortalidade (0 - 2 % / ano) | AB32: =B13/$W32 -> 0.47019264 | AC32: =C13/$W32 -> 0.44106055 | AD32: =D13/$W32 -> 0.44451664 | AE32: =E13/$W32 -> 0.45110865 | AF32: =F13/$W32 -> 0.4451945 | AG32: =G13/$W32 -> 0.44138867 | AH32: =H13/$W32 -> 0.43370001 | AI32: =I13/$W32 -> 0.42420233 | ... AR32: =R13/$W32 -> 0.57631991
U33: =AA33 -> Previsão de baixa população da ONU (0 - 0,35 Gp) | W33: =W28 -> 350 | AA33: =CONCATENATE(A21," (0 - ",W33/1000," Gp)") -> Previsão de baixa população da ONU (0 - 0,35 Gp) | AK33: =K21/$W33 -> 0.9288585 | AL33: =L21/$W33 -> 0.95429003 | AM33: =M21/$W33 -> 0.97479636 | AN33: =N21/$W33 -> 0.99300278 | AO33: =O21/$W33 -> 1.0084851 | AP33: =P21/$W33 -> 1.0202564 | AQ33: =Q21/$W33 -> 1.0270998 | AR33: =R21/$W33 -> 1.0292731
U34: =AA34 -> Nascimentos: Previsão baixa da ONU (0 - 9 milhões/ano) | W34: =W29 -> 9 | AA34: =CONCATENATE(A22," (0 - ",W34," Mp / yr)") -> Nascimentos: Previsão baixa da ONU (0 - 9 milhões/ano) | AJ34: =J22/$W34 -> 0.42994253 | AK34: =K22/$W34 -> 0.40504604 | AL34: =L22/$W34 -> 0.38754104 | AM34: =M22/$W34 -> 0.39220804 | AN34: =N22/$W34 -> 0.39953689 | AO34: =O22/$W34 -> 0.40147653 | AP34: =P22/$W34 -> 0.38941816 | AQ34: =Q22/$W34 -> 0.37053018 | AR34: =R22/$W34 -> 0.3573506
U35: =AA35 -> Mortes: Previsão mínima da ONU (0 - 5 milhões/ano) | W35: =W30 -> 5 | AA35: =CONCATENATE(A23," (0 - ",W35," Mp / yr)") -> Mortes: Previsão mínima da ONU (0 - 5 milhões/ano) | AJ35: =J23/$W35 -> 0.53460784 | AK35: =K23/$W35 -> 0.56013808 | AL35: =L23/$W35 -> 0.59089144 | AM35: =M23/$W35 -> 0.63154856 | AN35: =N23/$W35 -> 0.68324796 | AO35: =O23/$W35 -> 0.73890504 | AP35: =P23/$W35 -> 0.78584 | AQ35: =Q23/$W35 -> 0.8167928 | AR35: =R23/$W35 -> 0.8304668
U36: =AA36 -> Baixa taxa de natalidade da ONU (0 - 2% / ano) | W36: =W31 -> 2 | AA36: =CONCATENATE(A24," (0 - ",W36," % / yr)") -> Baixa taxa de natalidade da ONU (0 - 2% / ano) | AJ36: =J24/$W36 -> 0.61568515 | AK36: =K24/$W36 -> 0.56065965 | AL36: =L24/$W36 -> 0.52213378 | AM36: =M24/$W36 -> 0.51730547 | AN36: =N24/$W36 -> 0.51731002 | AO36: =O24/$W36 -> 0.51184108 | AP36: =P24/$W36 -> 0.49073987 | AQ36: =Q24/$W36 -> 0.46382633 | AR36: =R24/$W36 -> 0.44638374
U37: =AA37 -> Baixa taxa de mortalidade da ONU (0 - 2% / ano) | W37: =W32 -> 2 | AA37: =CONCATENATE(A25," (0 - ",W37," % / yr)") -> Baixa taxa de mortalidade da ONU (0 - 2% / ano) | AJ37: =J25/$W37 -> 0.42531538 | AK37: =K25/$W37 -> 0.43074228 | AL37: =L25/$W37 -> 0.44228201 | AM37: =M25/$W37 -> 0.46276959 | AN37: =N25/$W37 -> 0.4914732 | AO37: =O25/$W37 -> 0.52334864 | AP37: =P25/$W37 -> 0.55016983 | AQ37: =Q25/$W37 -> 0.56802992 | AR37: =R25/$W37 -> 0.57631991
U38: =AA38 -> População, EUA Sua previsão (0 - 0,35 Gp) | W38: 350 | AA38: =CONCATENATE(A9," Your forecast (0 - ",W38/1000," Gp)") -> População, EUA Sua previsão (0 - 0,35 Gp) | AK38: =K17/$W38 -> 0.92162693 | AL38: =L17/$W38 -> 0.94143017 | AM38: =M17/$W38 -> 0.95828776 | AN38: =N17/$W38 -> 0.97117537 | AO38: =O17/$W38 -> 0.97912504 | AP38: =P17/$W38 -> 0.98168236 | AQ38: =Q17/$W38 -> 0.9792609 | AR38: =R17/$W38 -> 0.97273223
U39: =AA39 -> Nascimentos, EUA Sua previsão (0 - 9 milhões/ano) | W39: 9 | AA39: =CONCATENATE(A10," Your forecast (0 - ",W39," Mp / yr)") -> Nascimentos, EUA Sua previsão (0 - 9 milhões/ano) | AJ39: =J18/$W39 -> 0.48183775 | AK39: =K18/$W39 -> 0.45661494 | AL39: =L18/$W39 -> 0.44848687 | AM39: =M18/$W39 -> 0.43825693 | AN39: =N18/$W39 -> 0.42564458 | AO39: =O18/$W39 -> 0.41047098 | AP39: =P18/$W39 -> 0.39283656 | AQ39: =Q18/$W39 -> 0.37320721 | AR39: =R18/$W39 -> 0.35218311
U40: =AA40 -> Mortes, EUA Sua previsão (0 - 5 milhões/ano) | W40: 5 | AA40: =CONCATENATE(A11," Your forecast (0 - ",W40," Mp / yr)") -> Mortes, EUA Sua previsão (0 - 5 milhões/ano) | AJ40: =J19/$W40 -> 0.53421142 | AK40: =K19/$W40 -> 0.54466162 | AL40: =L19/$W40 -> 0.5712701 | AM40: =M19/$W40 -> 0.60843595 | AN40: =N19/$W40 -> 0.65486475 | AO40: =O19/$W40 -> 0.7030454 | AP40: =P19/$W40 -> 0.74100625 | AQ40: =Q19/$W40 -> 0.76317429 | AR40: =R19/$W40 -> 0.76914999
U41: =AA41 -> Taxa bruta de natalidade: Sua previsão (0 - 2%/ano) | W41: 2 | AA41: =CONCATENATE(A12," Your forecast (0 - ",W41," % / yr)") -> Taxa bruta de natalidade: Sua previsão (0 - 2%/ano) | AJ41: =J15/$W41 -> 0.69 | AK41: =K15/$W41 -> 0.637 | AL41: =L15/$W41 -> 0.6125 | AM41: =M15/$W41 -> 0.588 | AN41: =N15/$W41 -> 0.5635 | AO41: =O15/$W41 -> 0.539 | AP41: =P15/$W41 -> 0.5145 | AQ41: =Q15/$W41 -> 0.49 | AR41: =R15/$W41 -> 0.4655
U42: =AA42 -> Taxa bruta de mortalidade: Sua previsão (0 - 2%/ano) | W42: 2 | AA42: =CONCATENATE(A13," Your forecast (0 - ",W42," % / yr)") -> Taxa bruta de mortalidade: Sua previsão (0 - 2%/ano) | AJ42: =J16/$W42 -> 0.425 | AK42: =K16/$W42 -> 0.42212743 | AL42: =L16/$W42 -> 0.43343637 | AM42: =M16/$W42 -> 0.4535142 | AN42: =N16/$W42 -> 0.48164374 | AO42: =O16/$W42 -> 0.51288166 | AP42: =P16/$W42 -> 0.53916644 | AQ42: =Q16/$W42 -> 0.55666932 | AR42: =R16/$W42 -> 0.56479351
A52: Gráfico 2
A53: =CONCATENATE(A52,". Potential Work Force - ",A5," 1970 to 2050") -> Gráfico 2. Força de Trabalho Potencial - EUA, 1970 a 2050
B54: 1970 | C54: 1975 | D54: 1980 | E54: 1985 | F54: 1990 | G54: 1995 | H54: 2000 | I54: 2005 | J54: 2010 | K54: 2015 | L54: 2020 | M54: 2025 | N54: 2030 | O54: 2035 | P54: 2040 | Q54: 2045 | R54: 2050 | S54: Unidades
A55: População, EUA | B55: =B9 -> 212.24347 | C55: =C9 -> 222.13306 | D55: =D9 -> 233.11944 | E55: =E9 -> 244.60382 | F55: =F9 -> 256.97116 | G55: =G9 -> 270.13235 | H55: =H9 -> 286.41917 | I55: =I9 -> 300.71164 | ... R55: =R9 -> 340.81722 | S55: Deputado | U55: A tabela original foi baixada de http://esa.un.org/unpd/wpp/Excel-Data/DB03_Population_ByAgeSex_Quinquennial/WPP2010_DB3_F1_POPULATION_BY_AGE_BOTH_SEXES.XLS
A56: Pessoas nos EUA com idades entre 15 e 64 anos | B56: 131.0709 | C56: 142.8393 | D56: 153.96765 | E56: 162.08133 | F56: 169.00374 | G56: 176.88641 | H56: 189.69655 | I56: 201.86908 | J56: 210.08464 | K56: =K57 -> 214.41234 | L56: =L57 -> 218.15387 | M56: =M57 -> 220.6795 | N56: =N57 -> 220.37159 | O56: =O57 -> 221.17825 | P56: =P57 -> 221.24698 | Q56: =Q57 -> 222 | R56: =R57 -> 220.37674 | S56: Deputado | U56: Último acesso em 11 de abril de 2012
A57: Insira a faixa etária de 15 a 64 anos diretamente. | K57: 214.41234 | L57: 218.15387 | M57: 220.6795 | N57: 220.37159 | O57: 221.17825 | P57: 221.24698 | Q57: 222 | R57: 220.37674 | S57: Deputado | U57: Para valores futuros, foi utilizada a variante BAIXA.
A58: Faixa etária de 15 a 65 anos como porcentagem da população total | B58: =B56/B55*100 -> 61.754972 | C58: =C56/C55*100 -> 64.303485 | D58: =D56/D55*100 -> 66.04668 | E58: =E56/E55*100 -> 66.262794 | F58: =F56/F55*100 -> 65.767588 | G58: =G56/G55*100 -> 65.481387 | H58: =H56/H55*100 -> 66.230396 | I58: =I56/I55*100 -> 67.130451 | ... R58: =R56/R55*100 -> 64.66127 | S58: %
A59: ônus de suporte (população/idade 15-64) | B59: =B55/B56 -> 1.6193028 | C59: =C55/C56 -> 1.5551257 | D59: =D55/D56 -> 1.5140806 | E59: =E55/E56 -> 1.5091425 | F59: =F55/F56 -> 1.5205058 | G59: =G55/G56 -> 1.5271515 | H59: =H55/H56 -> 1.5098808 | I59: =I55/I56 -> 1.4896369 | ... R59: =R55/R56 -> 1.5465208 | S59: Mp / Mp
A60: Sua previsão
H61: Insira a faixa etária de 15 a 64 anos diretamente. | J61: Sua previsão | K61: 214.4 | L61: =L57*0.98 -> 213.7908 | M61: =M57*0.98 -> 216.26591 | N61: =N57*0.98 -> 215.96415 | O61: =O57*0.98 -> 216.75468 | P61: =P57*0.98 -> 216.82204 | Q61: =Q57*0.98 -> 217.56 | R61: =R57*0.98 -> 215.96921 | S61: Deputado
J62: Faixa etária de 15 a 65 anos como porcentagem da população total | K62: =K61/K17*100 -> 66.466312 | L62: =L61/L17*100 -> 64.883288 | M62: =M61/M17*100 -> 64.479861 | N62: =N61/N17*100 -> 63.535429 | O62: =O61/O17*100 -> 63.250255 | P62: =P61/P17*100 -> 63.105091 | Q62: =Q61/Q17*100 -> 63.476445 | R62: =R61/R17*100 -> 63.435225 | S62: %
J63: ônus de suporte (população/idade 15-64) | K63: =K17/K61 -> 1.5045216 | L63: =L17/L61 -> 1.5412289 | M63: =M17/M61 -> 1.5508718 | N63: =N17/N61 -> 1.573925 | O63: =O17/O61 -> 1.5810213 | P63: =P17/P61 -> 1.5846582 | Q63: =Q17/Q61 -> 1.5753875 | R63: =R17/R61 -> 1.5764112 | S63: Mp / Mp
A64: Apenas para fins informativos
A65: Pessoas ONU Previsão Baixa (Mp) | K65: =K21 -> 325.10048 | L65: =L21 -> 334.00151 | M65: =M21 -> 341.17873 | N65: =N21 -> 347.55097 | O65: =O21 -> 352.96979 | P65: =P21 -> 357.08974 | Q65: =Q21 -> 359.48494 | R65: =R21 -> 360.24558 | S65: Deputado
A66: Pessoas nos EUA com idade entre 15 e 64 anos - Previsão baixa da ONU (Mp) | K66: 214.41234 | L66: 218.15387 | M66: 220.6795 | N66: 220.37159 | O66: 221.17825 | P66: 221.24698 | Q66: 221.7728 | R66: 220.37674 | S66: Deputado
A67: Sobrecarga de apoio ONU Baixa (população/idade 15-64) | K67: =K65/K66 -> 1.5162396 | L67: =L65/L66 -> 1.5310364 | M67: =M65/M66 -> 1.5460372 | N67: =N65/N66 -> 1.5771134 | O67: =O65/O66 -> 1.5958613 | P67: =P65/P66 -> 1.6139869 | Q67: =Q65/Q66 -> 1.6209605 | R67: =R65/R66 -> 1.6346806 | S67: Mp / Mp | X67: Prezado(a) usuário(a): Utilize a tabela amarela abaixo para definir o valor máximo nos eixos verticais do gráfico.
V68: Valor máximo no eixo vertical | AA68: =AA26 -> Cálculos realizados para ajustar todas as variáveis para valores entre 0 e 1.
U69: =U27 -> Para o gráfico à esquerda, nomes das variáveis (unidade) | V69: nos gráficos originais de Randers | W69: Na sua previsão | AB69: 1970 | AC69: 1975 | AD69: 1980 | AE69: 1985 | AF69: 1990 | AG69: 1995 | AH69: 2000 | AI69: 2005 | AJ69: 2010 | AK69: 2015 | AL69: 2020 | AM69: 2025 | AN69: 2030 | AO69: 2035 | AP69: 2040 | AQ69: 2045 | AR69: 2050
U70: =AA71 -> Pessoas EUA Idade 15-64 (0 - 0,25 Gp) | V70: 250 | W70: =W74 -> 250 | AA70: =CONCATENATE(A55," (0 - ",V28/1000," Gp)") -> População, EUA (0 - 0,35 Gp) | AB70: =B55/$V28 -> 0.60640993 | AC70: =C55/$V28 -> 0.63466588 | AD70: =D55/$V28 -> 0.66605554 | AE70: =E55/$V28 -> 0.69886806 | AF70: =F55/$V28 -> 0.73420333 | AG70: =G55/$V28 -> 0.77180672 | AH70: =H55/$V28 -> 0.8183405 | AI70: =I55/$V28 -> 0.85917613 | ... AR70: =R55/$V28 -> 0.97376348
U71: =AA72 -> Sobrecarga de apoio (população/idade 15-64) (0 - 2,4) | V71: 2.4 | W71: =W75 -> 2.4 | AA71: =CONCATENATE(A56," (0 - ",W70/1000," Gp)") -> Pessoas EUA Idade 15-64 (0 - 0,25 Gp) | AB71: =B56/$W70 -> 0.52428359 | AC71: =C56/$W70 -> 0.57135719 | AD71: =D56/$W70 -> 0.6158706 | AE71: =E56/$W70 -> 0.6483253 | AF71: =F56/$W70 -> 0.67601494 | AG71: =G56/$W70 -> 0.70754564 | AH71: =H56/$W70 -> 0.75878621 | AI71: =I56/$W70 -> 0.80747633 | ... AR71: =R56/$W70 -> 0.88150696
U72: =AA73 -> Pessoas nos EUA com idade entre 15 e 64 anos - Previsão de Baixa da ONU (Mp) (0 - 0,25 Gp) | W72: =W70 -> 250 | AA72: =CONCATENATE(A59," (0 - ",W71,")") -> Sobrecarga de apoio (população/idade 15-64) (0 - 2,4) | AB72: =B59/$W71 -> 0.67470951 | AC72: =C59/$W71 -> 0.64796903 | AD72: =D59/$W71 -> 0.63086693 | AE72: =E59/$W71 -> 0.62880938 | AF72: =F59/$W71 -> 0.63354409 | AG72: =G59/$W71 -> 0.63631314 | AH72: =H59/$W71 -> 0.62911698 | AI72: =I59/$W71 -> 0.62068206 | ... AR72: =R59/$W71 -> 0.64438368
U73: =AA74 -> Sobrecarga de apoio ONU Baixa (população/idade 15-64) (0 - 2,4) | W73: =W71 -> 2.4 | AA73: =CONCATENATE(A66," (0 - ",W72/1000," Gp)") -> Pessoas nos EUA com idade entre 15 e 64 anos - Previsão de Baixa da ONU (Mp) (0 - 0,25 Gp) | AK73: =K66/$W72 -> 0.85764935 | AL73: =L66/$W72 -> 0.8726155 | AM73: =M66/$W72 -> 0.88271802 | AN73: =N66/$W72 -> 0.88148634 | AO73: =O66/$W72 -> 0.88471298 | AP73: =P66/$W72 -> 0.88498792 | AQ73: =Q66/$W72 -> 0.88709119 | AR73: =R66/$W72 -> 0.88150696
U74: =AA75 -> Pessoas EUA Idade 15-64 (0 - 0,25 Gp) Sua previsão | W74: 250 | AA74: =CONCATENATE(A67," (0 - ",W73,")") -> Sobrecarga de apoio ONU Baixa (população/idade 15-64) (0 - 2,4) | AK74: =K67/$W73 -> 0.6317665 | AL74: =L67/$W73 -> 0.63793181 | AM74: =M67/$W73 -> 0.64418217 | AN74: =N67/$W73 -> 0.65713057 | AO74: =O67/$W73 -> 0.66494219 | AP74: =P67/$W73 -> 0.67249456 | AQ74: =Q67/$W73 -> 0.6754002 | AR74: =R67/$W73 -> 0.68111691
U75: =AA76 -> Sobrecarga de apoio (população/idade 15-64) (0 - 2,4) Sua previsão | W75: 2.4 | AA75: =CONCATENATE(AA71," Your forecast") -> Pessoas EUA Idade 15-64 (0 - 0,25 Gp) Sua previsão | AK75: =K61/$W74 -> 0.8576 | AL75: =L61/$W74 -> 0.85516319 | AM75: =M61/$W74 -> 0.86506366 | AN75: =N61/$W74 -> 0.86385661 | AO75: =O61/$W74 -> 0.86701872 | AP75: =P61/$W74 -> 0.86728816 | AQ75: =Q61/$W74 -> 0.87024 | AR75: =R61/$W74 -> 0.86387682
AA76: =CONCATENATE(AA72," Your forecast ") -> Sobrecarga de apoio (população/idade 15-64) (0 - 2,4) Sua previsão | AK76: =K63/$W75 -> 0.62688399 | AL76: =L63/$W75 -> 0.64217872 | AM76: =M63/$W75 -> 0.6461966 | AN76: =N63/$W75 -> 0.65580208 | AO76: =O63/$W75 -> 0.65875887 | AP76: =P63/$W75 -> 0.66027425 | AQ76: =Q63/$W75 -> 0.65641148 | AR76: =R63/$W75 -> 0.65683801
A93: Gráfico 3
A94: =CONCATENATE(A93,". Labour Productivity - ",A5," 1970 to 2050") -> Gráfico 3. Produtividade do Trabalho - EUA, 1970 a 2050
B95: 1970 | C95: 1975 | D95: 1980 | E95: 1985 | F95: 1990 | G95: 1995 | H95: 2000 | I95: 2005 | J95: 2010 | K95: 2015 | L95: 2020 | M95: 2025 | N95: 2030 | O95: 2035 | P95: 2040 | Q95: 2045 | R95: 2050 | S95: Unidades
A96: PIB EUA | B96: 4.2335966 | C96: 4.8392933 | D96: 5.760111 | E96: 6.8264436 | F96: 7.9885009 | G96: 9.0461906 | H96: 11.147305 | I96: 12.682074 | J96: 12.726106 | K96: =K97*K98/1000000 -> 13.637674 | L96: =L97*L98/1000000 -> 14.46537 | M96: =M97*M98/1000000 -> 15.144989 | N96: =N97*N98/1000000 -> 15.539763 | O96: =O97*O98/1000000 -> 15.908578 | P96: =P97*P98/1000000 -> 16.112441 | Q96: =Q97*Q98/1000000 -> 16.248117 | R96: =R97*R98/1000000 -> 16.088987 | S96: T$ / ano | U96: Os dados originais provêm de http://pwt.econ.upenn.edu/php_site/pwt70/pwt70_form.php
A97: Pessoas nos EUA com idades entre 15 e 64 anos | B97: =B56 -> 131.0709 | C97: =C56 -> 142.8393 | D97: =D56 -> 153.96765 | E97: =E56 -> 162.08133 | F97: =F56 -> 169.00374 | G97: =G56 -> 176.88641 | H97: =H56 -> 189.69655 | I97: =I56 -> 201.86908 | ... R97: =R56 -> 220.37674 | S97: Deputado | U97: Último acesso em 12 de abril de 2012.
A98: Produtividade do trabalho | B98: =B96/B97*1000000 -> 32300.05 | C98: =C96/C97*1000000 -> 33879.285 | D98: =D96/D97*1000000 -> 37411.177 | E98: =E96/E97*1000000 -> 42117.397 | F98: =F96/F97*1000000 -> 47268.191 | G98: =G96/G97*1000000 -> 51141.241 | H98: =H96/H97*1000000 -> 58763.879 | I98: =I96/I97*1000000 -> 62823.262 | J98: =J96/J97*1000000 -> 60576.091 | K98: =J98*(1+K99 /100*5) -> 63604.895 | L98: =K98*(1+L99 /100*5) -> 66308.103 | M98: =L98*(1+M99 /100*5) -> 68628.887 | N98: =M98*(1+N99 /100*5) -> 70516.182 | O98: =N98*(1+O99 /100*5) -> 71926.505 | P98: =O98*(1+P99 /100*5) -> 72825.586 | Q98: =P98*(1+Q99 /100*5) -> 73189.714 | R98: =Q98*(1+R99 /100*5) -> 73006.74 | S98: $ por pessoa - ano | AA98: 3.5884108 | AB98: PIB 1965 = [2052_Penn_World_Table.xlsx]pwt!J13409
A99: Crescimento da produtividade | B99: =(((B98/AA100)-1)/5)*100 -> 1.8828432 | C99: =(((C98/B98)-1)/5)*100 -> 0.9778528 | D99: =(((D98/C98)-1)/5)*100 -> 2.0849861 | E99: =(((E98/D98)-1)/5)*100 -> 2.5159436 | F99: =(((F98/E98)-1)/5)*100 -> 2.4459221 | G99: =(((G98/F98)-1)/5)*100 -> 1.6387555 | H99: =(((H98/G98)-1)/5)*100 -> 2.9810141 | I99: =(((I98/H98)-1)/5)*100 -> 1.381591 | J99: =(((J98/I98)-1)/5)*100 -> -0.71539447 | K99: 1 | L99: 0.85 | M99: 0.7 | N99: 0.55 | O99: 0.4 | P99: 0.25 | Q99: 0.1 | R99: -0.05 | S99: %/ano | AA99: 121.55497 | AB99: Idade 15-64 1965 =[UN_2052_POPULATION_BY_AGE_BOTH_SEXES.xls]ESTIMATIVAS!$F$6287/1000
A100: =A9 -> População, EUA | B100: =B9 -> 212.24347 | C100: =C9 -> 222.13306 | D100: =D9 -> 233.11944 | E100: =E9 -> 244.60382 | F100: =F9 -> 256.97116 | G100: =G9 -> 270.13235 | H100: =H9 -> 286.41917 | ... R100: =R9 -> 340.81722 | S100: Deputado | AA100: =AA98/AA99*1000000 -> 29520.89 | AB100: Produtividade do trabalho em 1965 nos EUA
A101: PIB per capita | B101: =B96/B100*1000000 -> 19946.887 | C101: =C96/C100*1000000 -> 21785.561 | D101: =D96/D100*1000000 -> 24708.84 | E101: =E96/E100*1000000 -> 27908.164 | F101: =F96/F100*1000000 -> 31087.149 | G101: =G96/G100*1000000 -> 33487.994 | H101: =H96/H100*1000000 -> 38919.55 | I101: =I96/I100*1000000 -> 42173.539 | ... R101: =R96/R100*1000000 -> 47207.085 | S101: $ / pessoa / ano
A102: Sua previsão
J103: crescimento em LP sua estimativa | K103: 1 | L103: =L99*0.95 -> 0.8075 | M103: =M99*0.95 -> 0.665 | N103: =N99*0.95 -> 0.5225 | O103: =O99*0.95 -> 0.38 | P103: =P99*0.95 -> 0.2375 | Q103: =Q99*0.95 -> 0.095 | R103: =R99*0.95 -> -0.0475 | S103: %/ano
J104: =CONCATENATE(A96,", Your forecast") -> PIB dos EUA, sua previsão | K104: =K105*K61/1000000 -> 13.63689 | L104: =L105*L61/1000000 -> 14.147166 | M104: =M105*M61/1000000 -> 14.786791 | N104: =N105*N61/1000000 -> 15.151925 | O104: =O105*O61/1000000 -> 15.496328 | P104: =P105*P61/1000000 -> 15.68522 | Q104: =Q105*Q61/1000000 -> 15.813363 | R104: =R105*R61/1000000 -> 15.660454 | S104: =S96 -> T$ / ano
J105: =CONCATENATE(A98,", Your forecast") -> Produtividade do trabalho, sua previsão | K105: =J98*(1+K103/100*5) -> 63604.895 | L105: =K105*(1+L103/100*5) -> 66172.943 | M105: =L105*(1+M103/100*5) -> 68373.193 | N105: =M105*(1+N103/100*5) -> 70159.443 | O105: =N105*(1+O103/100*5) -> 71492.473 | P105: =O105*(1+P103/100*5) -> 72341.446 | Q105: =P105*(1+Q103/100*5) -> 72685.068 | R105: =Q105*(1+R103/100*5) -> 72512.44 | S105: $ por pessoa - ano | X105: Prezado(a) usuário(a): Utilize a tabela amarela abaixo para definir o valor máximo nos eixos verticais do gráfico.
V106: Valor máximo no eixo vertical | AA106: Cálculos realizados para ajustar todas as variáveis para valores entre 0 e 1.
U107: =U27 -> Para o gráfico à esquerda, nomes das variáveis (unidade) | V107: nos gráficos originais de Randers | W107: Na sua previsão | AB107: 1970 | AC107: 1975 | AD107: 1980 | AE107: 1985 | AF107: 1990 | AG107: 1995 | AH107: 2000 | AI107: 2005 | AJ107: 2010 | AK107: 2015 | AL107: 2020 | AM107: 2025 | AN107: 2030 | AO107: 2035 | AP107: 2040 | AQ107: 2045 | AR107: 2050
U108: =AA108 -> PIB dos EUA (0 - 18 trilhões de dólares/ano) | V108: 18 | W108: 18 | AA108: =CONCATENATE(A96," (0 - ",W108," T$ / yr)") -> PIB dos EUA (0 - 18 trilhões de dólares/ano) | AB108: =B96/$W108 -> 0.23519981 | AC108: =C96/$W108 -> 0.26884963 | AD108: =D96/$W108 -> 0.32000616 | AE108: =E96/$W108 -> 0.37924687 | AF108: =F96/$W108 -> 0.4438056 | AG108: =G96/$W108 -> 0.50256615 | AH108: =H96/$W108 -> 0.61929474 | AI108: =I96/$W108 -> 0.70455968 | ... AR108: =R96/$W108 -> 0.89383264
U109: =AA109 -> Produtividade do trabalho (0 - 90000 $ / pessoa-ano) | V109: 90000 | W109: =W112 -> 90000 | AA109: =CONCATENATE(A98," (0 - ",W109," $ / person-yr)") -> Produtividade do trabalho (0 - 90000 $ / pessoa-ano) | AB109: =B98/$W109 -> 0.35888945 | AC109: =C98/$W109 -> 0.3764365 | AD109: =D98/$W109 -> 0.41567974 | AE109: =E98/$W109 -> 0.46797108 | AF109: =F98/$W109 -> 0.52520212 | AG109: =G98/$W109 -> 0.56823601 | AH109: =H98/$W109 -> 0.65293199 | AI109: =I98/$W109 -> 0.69803624 | ... AR109: =R98/$W109 -> 0.811186
U110: =AA110 -> PIB per capita (0 - 50.000 $ / pessoa-ano) | V110: 50000 | W110: 50000 | AA110: =CONCATENATE(A101," (0 - ",W110," $ / person-yr)") -> PIB per capita (0 - 50.000 $ / pessoa-ano) | AB110: =B101/$W110 -> 0.39893774 | AC110: =C101/$W110 -> 0.43571122 | AD110: =D101/$W110 -> 0.49417681 | AE110: =E101/$W110 -> 0.55816328 | AF110: =F101/$W110 -> 0.62174298 | AG110: =G101/$W110 -> 0.66975988 | AH110: =H101/$W110 -> 0.778391 | AI110: =I101/$W110 -> 0.84347077 | ... AR110: =R101/$W110 -> 0.9441417
U111: =AA111 -> Crescimento da produtividade (0 - 3 % / ano) | V111: 3 | W111: =W113 -> 3 | AA111: =CONCATENATE(A99," (0 - ",W111," % / yr)") -> Crescimento da produtividade (0 - 3 % / ano) | AB111: =B99/$W111 -> 0.62761441 | AC111: =C99/$W111 -> 0.32595093 | AD111: =D99/$W111 -> 0.69499536 | AE111: =E99/$W111 -> 0.83864787 | AF111: =F99/$W111 -> 0.81530736 | AG111: =G99/$W111 -> 0.54625183 | AH111: =H99/$W111 -> 0.99367135 | AI111: =I99/$W111 -> 0.46053033 | ... AR111: =R99/$W111 -> -0.016666667
U112: =AA112 -> Produtividade do trabalho (0 - 90.000 $/pessoa-ano) Sua previsão | W112: 90000 | AA112: =CONCATENATE(A98," (0 - ",W112," $ / person-yr) Your forecast") -> Produtividade do trabalho (0 - 90.000 $/pessoa-ano) Sua previsão | AK112: =K105/$W112 -> 0.70672106 | AL112: =L105/$W112 -> 0.73525492 | AM112: =M105/$W112 -> 0.75970215 | AN112: =N105/$W112 -> 0.77954937 | AO112: =O105/$W112 -> 0.79436081 | AP112: =P105/$W112 -> 0.80379384 | AQ112: =Q105/$W112 -> 0.80761186 | AR112: =R105/$W112 -> 0.80569378
U113: =AA113 -> Crescimento da produtividade (0 - 3% ao ano) Sua previsão | W113: 3 | AA113: =CONCATENATE(A99," (0 - ",W113," % / yr) Your forecast") -> Crescimento da produtividade (0 - 3% ao ano) Sua previsão | AK113: =K103/$W113 -> 0.33333333 | AL113: =L103/$W113 -> 0.26916667 | AM113: =M103/$W113 -> 0.22166667 | AN113: =N103/$W113 -> 0.17416667 | AO113: =O103/$W113 -> 0.12666667 | AP113: =P103/$W113 -> 0.079166667 | AQ113: =Q103/$W113 -> 0.031666667 | AR113: =R103/$W113 -> -0.015833333
A131: Gráfico 4
A132: =CONCATENATE(A131,". Production (GDP) and Consumption - ",A5," 1970 to 2050") -> Gráfico 4. Produção (PIB) e Consumo - EUA, 1970 a 2050
B133: 1970 | C133: 1975 | D133: 1980 | E133: 1985 | F133: 1990 | G133: 1995 | H133: 2000 | I133: 2005 | J133: 2010 | K133: 2015 | L133: 2020 | M133: 2025 | N133: 2030 | O133: 2035 | P133: 2040 | Q133: 2045 | R133: 2050 | S133: Unidades | AA133: Cálculos realizados para ajustar todas as variáveis para valores entre 0 e 1.
A134: =A96 -> PIB EUA | B134: =B96 -> 4.2335966 | C134: =C96 -> 4.8392933 | D134: =D96 -> 5.760111 | E134: =E96 -> 6.8264436 | F134: =F96 -> 7.9885009 | G134: =G96 -> 9.0461906 | H134: =H96 -> 11.147305 | ... R134: =R96 -> 16.088987 | S134: T$ / ano | U134: Os dados originais provêm de http://pwt.econ.upenn.edu/php_site/pwt70/pwt70_form.php | AB134: 1970 | AC134: 1975 | AD134: 1980 | AE134: 1985 | AF134: 1990 | AG134: 1995 | AH134: 2000 | AI134: 2005 | AJ134: 2010 | AK134: 2015 | AL134: 2020 | AM134: 2025 | AN134: 2030 | AO134: 2035 | AP134: 2040 | AQ134: 2045 | AR134: 2050
A135: Investimento | B135: 0.68857104 | C135: 0.73403358 | D135: 0.99965513 | E135: 1.2900762 | F135: 1.3946752 | G135: 1.7364549 | H135: 2.6011899 | I135: 2.9058838 | J135: 2.104184 | K135: =K134*K137/100 -> 2.5435342 | L135: =L134*L137/100 -> 3.1680019 | M135: =M134*M137/100 -> 3.6878722 | N135: =N134*N137/100 -> 4.1239164 | O135: =O134*O137/100 -> 4.5384589 | P135: =P134*P137/100 -> 4.8935548 | Q135: =Q134*Q137/100 -> 5.3136965 | R135: =R134*R137/100 -> 5.6717857 | S135: T$ / ano | U135: Último acesso em 12 de abril de 2012. | AA135: =CONCATENATE(A96," (0 - ",W155," T$ / yr)") -> PIB dos EUA (0 - 17 trilhões de dólares/ano) | AB135: =B134/$W155 -> 0.24903509 | AC135: =C134/$W155 -> 0.28466431 | AD135: =D134/$W155 -> 0.33883006 | AE135: =E134/$W155 -> 0.40155551 | AF135: =F134/$W155 -> 0.46991182 | AG135: =G134/$W155 -> 0.53212886 | AH135: =H134/$W155 -> 0.65572384 | AI135: =I134/$W155 -> 0.74600437 | ... AR135: =R134/$W155 -> 0.94641103
A136: Consumo | B136: =B134-B135 -> 3.5450255 | C136: =C134-C135 -> 4.1052597 | D136: =D134-D135 -> 4.7604558 | E136: =E134-E135 -> 5.5363674 | F136: =F134-F135 -> 6.5938257 | G136: =G134-G135 -> 7.3097357 | H136: =H134-H135 -> 8.5461154 | I136: =I134-I135 -> 9.7761904 | ... R136: =R134-R135 -> 10.417202 | S136: T$ / ano | AA136: =CONCATENATE(A137," (0 - ",W156,"% /yr)") -> Percentagem de investimento (0 - 37%/ano) | AB136: =B137/$W$156 -> 0.43957963 | AC136: =C137/$W$156 -> 0.4099513 | AD136: =D137/$W$156 -> 0.46904837 | AE136: =E137/$W$156 -> 0.51076264 | AF136: =F137/$W$156 -> 0.47185228 | AG136: =G137/$W$156 -> 0.51879533 | AH136: =H137/$W$156 -> 0.63066749 | AI136: =I137/$W$156 -> 0.61927882 | ... AR136: =R137/$W$156 -> 0.95277286
A137: % de participação no investimento | B137: =B135/B134*100 -> 16.264446 | C137: =C135/C134*100 -> 15.168198 | D137: =D135/D134*100 -> 17.35479 | E137: =E135/E134*100 -> 18.898218 | F137: =F135/F134*100 -> 17.458534 | G137: =G135/G134*100 -> 19.195427 | H137: =H135/H134*100 -> 23.334697 | I137: =I135/I134*100 -> 22.913316 | J137: =J135/J134*100 -> 16.534389 | K137: =SUM(K138:K141) -> 18.650792 | L137: =SUM(L138:L141) -> 21.900594 | M137: =SUM(M138:M141) -> 24.350445 | N137: =SUM(N138:N141) -> 26.537834 | O137: =SUM(O138:O141) -> 28.528376 | P137: =SUM(P138:P141) -> 30.371282 | Q137: =SUM(Q138:Q141) -> 32.703461 | R137: =SUM(R138:R141) -> 35.252596 | S137: % por ano | AA137: =CONCATENATE(A136," (0 - ",W157, " T$ / yr)") -> Consumo (0 - 17 T$ / ano) | AB137: =B136/$W$157 -> 0.20853091 | AC137: =C136/$W$157 -> 0.24148586 | AD137: =D136/$W$157 -> 0.28002681 | AE137: =E136/$W$157 -> 0.32566867 | AF137: =F136/$W$157 -> 0.3878721 | AG137: =G136/$W$157 -> 0.42998445 | AH137: =H136/$W$157 -> 0.50271267 | AI137: =I136/$W$157 -> 0.57507002 | ... AR137: =R136/$W$157 -> 0.61277657
A138: Participação no investimento do ano passado mais variação percentual na taxa de investimento normal | K138: =J137 -> 16.534389 | L138: =K138+K141 -> 18.400792 | M138: =L138+L141 -> 19.800594 | N138: =M138+M141 -> 20.850445 | O138: =N138+N141 -> 21.637834 | P138: =O138+O141 -> 22.228376 | Q138: =P138+P141 -> 22.671282 | R138: =Q138+Q141 -> 23.003461 | S138: % por ano | AA138: =CONCATENATE("normal + norm change inv."," (0 - ",W156,"% /yr)") -> normal + mudança normal inv. (0 - 37% /ano) | AK138: =(K138+K141)/$W$156 -> 0.4973187 | AL138: =(L138+L141)/$W$156 -> 0.53515118 | AM138: =(M138+M141)/$W$156 -> 0.56352555 | AN138: =(N138+N141)/$W$156 -> 0.58480632 | AO138: =(O138+O141)/$W$156 -> 0.60076691 | AP138: =(P138+P141)/$W$156 -> 0.61273734 | AQ138: =(Q138+Q141)/$W$156 -> 0.62171517 | AR138: =(R138+R141)/$W$156 -> 0.62844854
A139: % investimento voluntário | K139: 0.1 | L139: 1.3 | M139: 2 | N139: 2.7 | O139: 3.4 | P139: 4.1 | Q139: 5 | R139: 6 | S139: % por ano | AA139: =CONCATENATE("normal + voluntary inv."," (0 - ",W156,"% /yr)") -> Inventário normal + voluntário (0 - 37% /ano) | AK139: =(K138+K141+K139)/$W$156 -> 0.5000214 | AL139: =(L138+L141+L139)/$W$156 -> 0.57028632 | AM139: =(M138+M141+M139)/$W$156 -> 0.6175796 | AN139: =(N138+N141+N139)/$W$156 -> 0.6577793 | AO139: =(O138+O141+O139)/$W$156 -> 0.6926588 | AP139: =(P138+P141+P139)/$W$156 -> 0.72354815 | AQ139: =(Q138+Q141+Q139)/$W$156 -> 0.7568503 | AR139: =(R138+R141+R139)/$W$156 -> 0.7906107
A140: % investimento forçado | K140: 0.15 | L140: 0.8 | M140: 1.5 | N140: 2.2 | O140: 2.9 | P140: 3.6 | Q140: 4.7 | R140: 6 | S140: % por ano | AA140: =CONCATENATE("normal + voluntary + forced inv."," (0 - ",W156,"% /yr)") -> Inventário normal + voluntário + forçado (0 - 37% /ano) | AK140: =(K138+K139+K140+K141)/$W$156 -> 0.50407545 | AL140: =(L138+L139+L140+L141)/$W$156 -> 0.59190794 | AM140: =(M138+M139+M140+M141)/$W$156 -> 0.65812014 | AN140: =(N138+N139+N140+N141)/$W$156 -> 0.71723876 | AO140: =(O138+O139+O140+O141)/$W$156 -> 0.77103718 | AP140: =(P138+P139+P140+P141)/$W$156 -> 0.82084545 | AQ140: =(Q138+Q139+Q140+Q141)/$W$156 -> 0.88387733 | AR140: =(R138+R139+R140+R141)/$W$156 -> 0.95277286
A141: Variação percentual na taxa de investimento normal | K141: =5*(24 - K$138)/20 -> 1.8664028 | L141: =5*(24 - L$138)/20 -> 1.3998021 | M141: =5*(24 - M$138)/20 -> 1.0498515 | N141: =5*(24 - N$138)/20 -> 0.78738866 | O141: =5*(24 - O$138)/20 -> 0.5905415 | P141: =5*(24 - P$138)/20 -> 0.44290612 | Q141: =5*(24 - Q$138)/20 -> 0.33217959 | R141: =5*(24 - R$138)/20 -> 0.24913469 | S141: % por ano | AA141: investimento sem ajuste à norma mundial | AK141: =K138*K$134/100 -> 2.2549061 | AL141: =L138*L$134/100 -> 2.6617425 | AM141: =M138*M$134/100 -> 2.9987977 | AN141: =N138*N$134/100 -> 3.2401097 | AO141: =O138*O$134/100 -> 3.4422718 | AP141: =P138*P$134/100 -> 3.5815339 | AQ141: =Q138*Q$134/100 -> 3.6836563 | AR141: =R138*R$134/100 -> 3.701024
A142: Sua previsão
...

Sheet  China
A1: =SumWorld!A1 -> Prezado(a) usuário(a): Esta é a versão de 7 de novembro de 2014, às 11h, da planilha de 2052 de Ulrich Goluke (2052@blue-way.net)
A2: =SumWorld!A2 -> Prezado(a) usuário(a): O lado esquerdo desta planilha contém os dados numéricos e os gráficos que você também encontra no livro de 2052. | U2: =SumWorld!U2 -> Prezado(a) usuário(a): Os cálculos nesta parte à direita da planilha garantem o dimensionamento correto dos gráficos.
U3: =SumWorld!U3 -> Contém também a fonte dos dados históricos.
I4: Código de cores | J4: Dados históricos | M4: Sua previsão
A5: China | J5: Previsão de Randers | M5: Calculado a partir da sua previsão.
J6: Valores calculados | M6: Suas próprias células de referência
A7: =CONCATENATE("Graph 1. Population - ",A5," 1970 to 2050") -> Gráfico 1. População - China de 1970 a 2050
B8: 1970 | C8: 1975 | D8: 1980 | E8: 1985 | F8: 1990 | G8: 1995 | H8: 2000 | I8: 2005 | J8: 2010 | K8: 2015 | L8: 2020 | M8: 2025 | N8: 2030 | O8: 2035 | P8: 2040 | Q8: 2045 | R8: 2050 | S8: Unidades
A9: População, China | B9: 818.83193 | C9: 919.64437 | D9: 988.47042 | E9: 1062.2901 | F9: 1151.3488 | G9: 1220.5294 | H9: 1276.3319 | I9: 1314.8847 | J9: 1348.932 | K9: =J9+(J10-J11)*5 -> 1365.714 | L9: =K9+(K10-K11)*5 -> 1369.453 | M9: =L9+(L10-L11)*5 -> 1361.3042 | N9: =M9+(M10-M11)*5 -> 1342.9732 | O9: =N9+(N10-N11)*5 -> 1313.2993 | P9: =O9+(O10-O11)*5 -> 1273.0927 | Q9: =P9+(P10-P11)*5 -> 1223.4945 | R9: =Q9+(Q10-Q11)*5 -> 1165.5953 | S9: Deputado | U9: A tabela original foi baixada de http://esa.un.org/unpd/wpp/Excel-Data/DB03_Population_ByAgeSex_Quinquennial/WPP2010_DB3_F1_POPULATION_BY_AGE_BOTH_SEXES.XLS
A10: Nascimentos, China | B10: 27.270017 | C10: 20.554883 | D10: 21.977709 | E10: 25.618699 | F10: 22.181769 | G10: 19.86874 | H10: 17.411251 | I10: 16.775341 | J10: =J9*J12/100 -> 13.48932 | K10: =K9*K12/100 -> 11.608569 | L10: =L9*L12/100 -> 10.270898 | M10: =M9*M12/100 -> 9.5291296 | N10: =N9*N12/100 -> 8.729326 | O10: =O9*O12/100 -> 8.1424556 | P10: =P9*P12/100 -> 7.6385564 | Q10: =Q9*Q12/100 -> 7.0962678 | R10: =R9*R12/100 -> 6.5273339 | S10: Mp/ano | U10: Último acesso em 11 de abril de 2012
A11: Mortes, China | B11: 6.8967402 | C11: 6.7831322 | D11: 7.1851182 | E11: 7.799106 | F11: 8.2157398 | G11: 8.686851 | H11: 9.2473254 | I11: 9.6344188 | J11: =J9*J13/100 -> 10.132919 | K11: =K9*K13/100 -> 10.860764 | L11: =L9*L13/100 -> 11.900656 | M11: =M9*M13/100 -> 13.195331 | N11: =N9*N13/100 -> 14.664115 | O11: =O9*O13/100 -> 16.183766 | P11: =P9*P13/100 -> 17.558212 | Q11: =Q9*Q13/100 -> 18.67609 | R11: =R9*R13/100 -> 19.397969 | S11: Mp/ano | U11: Para valores futuros, foi utilizada a variante BAIXA.
A12: taxa bruta de natalidade | B12: =B10/B9*100 -> 3.3303558 | C12: =C10/C9*100 -> 2.2350904 | D12: =D10/D9*100 -> 2.2234059 | E12: =E10/E9*100 -> 2.4116482 | F12: =F10/F9*100 -> 1.9265898 | G12: =G10/G9*100 -> 1.6278789 | H12: =H10/H9*100 -> 1.3641632 | I12: =I10/I9*100 -> 1.2758032 | J12: 1 | K12: 0.85 | L12: 0.75 | M12: 0.7 | N12: 0.65 | O12: 0.62 | P12: 0.6 | Q12: 0.58 | R12: 0.56 | S12: % por ano
A13: taxa bruta de mortalidade | B13: =B11/B9*100 -> 0.84226567 | C13: =C11/C9*100 -> 0.73758209 | D13: =D11/D9*100 -> 0.72689258 | E13: =E11/E9*100 -> 0.73417857 | F13: =F11/F9*100 -> 0.71357523 | G13: =G11/G9*100 -> 0.71172815 | H13: =H11/H9*100 -> 0.72452355 | I13: =I11/I9*100 -> 0.73271965 | J13: 0.75118086 | K13: 0.79524442 | L13: 0.86900795 | M13: 0.96931538 | N13: 1.0919141 | O13: 1.2322984 | P13: 1.3791778 | Q13: 1.5264548 | R13: 1.6642113 | S13: % por ano
A14: Sua previsão
G15: taxa bruta de natalidade | I15: Sua previsão | J15: =J12 -> 1 | K15: =K12*0.98 -> 0.833 | L15: =L12*0.98 -> 0.735 | M15: =M12*0.98 -> 0.686 | N15: =N12*0.98 -> 0.637 | O15: =O12*0.98 -> 0.6076 | P15: =P12*0.98 -> 0.588 | Q15: =Q12*0.98 -> 0.5684 | R15: =R12*0.98 -> 0.5488 | S15: % por ano
G16: taxa bruta de mortalidade | I16: Sua previsão | J16: =J13 -> 0.75118086 | K16: =K13*0.98 -> 0.77933953 | L16: =L13*0.98 -> 0.85162779 | M16: =M13*0.98 -> 0.94992907 | N16: =N13*0.98 -> 1.0700759 | O16: =O13*0.98 -> 1.2076524 | P16: =P13*0.98 -> 1.3515942 | Q16: =Q13*0.98 -> 1.4959257 | R16: =R13*0.98 -> 1.630927 | S16: % por ano
I17: População, China | K17: =J9+(J18-J19)*5 -> 1365.714 | L17: =K17+(K18-K19)*5 -> 1369.3782 | M17: =L17+(L18-L19)*5 -> 1361.3929 | N17: =M17+(M18-M19)*5 -> 1343.4273 | O17: =N17+(N18-N19)*5 -> 1314.337 | P17: =O17+(O18-O19)*5 -> 1274.9035 | Q17: =P17+(P18-P19)*5 -> 1226.228 | R17: =Q17+(Q18-Q19)*5 -> 1169.3601 | S17: Deputado
I18: Nascimentos, China | J18: =J9*J15/100 -> 13.48932 | K18: =K17*K15/100 -> 11.376398 | L18: =L17*L15/100 -> 10.06493 | M18: =M17*M15/100 -> 9.3391551 | N18: =N17*N15/100 -> 8.557632 | O18: =O17*O15/100 -> 7.9859117 | P18: =P17*P15/100 -> 7.4964323 | Q18: =Q17*Q15/100 -> 6.96988 | R18: =R17*R15/100 -> 6.4174483 | S18: Mp/ano
I19: Mortes, China | J19: =J9*J16/100 -> 10.132919 | K19: =K17*K16/100 -> 10.643549 | L19: =L17*L16/100 -> 11.662006 | M19: =M17*M16/100 -> 12.932267 | N19: =N17*N16/100 -> 14.375691 | O19: =O17*O16/100 -> 15.872623 | P19: =P17*P16/100 -> 17.231521 | Q19: =Q17*Q16/100 -> 18.34346 | R19: =R17*R16/100 -> 19.07141 | S19: Mp/ano
A20: Apenas para fins informativos
A21: Previsão baixa da população da ONU | K21: 1364.9973 | L21: 1364.0839 | M21: 1349.8009 | N21: 1327.5762 | O21: 1296.0858 | P21: 1253.7035 | Q21: 1200.786 | R21: 1139.2767 | S21: Deputado
A22: Nascimentos: baixa previsão da ONU | J22: 13.630771 | K22: 10.987687 | L22: 9.3017772 | M22: 8.9286392 | N22: 8.487085 | O22: 7.78629 | P22: 6.9977326 | Q22: 6.3185652 | R22: 5.815751 | S22: Mp/ano
A23: Mortes: previsão baixa da ONU | J23: 10.132919 | K23: 10.855065 | L23: 11.853998 | M23: 13.083827 | N23: 14.495993 | O23: 15.971644 | P23: 17.290799 | Q23: 18.329456 | R23: 18.959972 | S23: Mp/ano
A24: Baixa taxa de natalidade da ONU | J24: =J22/J9*100 -> 1.0104862 | K24: =K22/K21*100 -> 0.80496037 | L24: =L22/L21*100 -> 0.68190653 | M24: =M22/M21*100 -> 0.66147825 | N24: =N22/N21*100 -> 0.63929173 | O24: =O22/O21*100 -> 0.60075422 | P24: =P22/P21*100 -> 0.5581649 | Q24: =Q22/Q21*100 -> 0.52620243 | R24: =R22/R21*100 -> 0.51047746 | S24: % por ano
A25: Baixa taxa de mortalidade da ONU | J25: =J23/J9*100 -> 0.75118086 | K25: =K23/K21*100 -> 0.79524442 | L25: =L23/L21*100 -> 0.86900795 | M25: =M23/M21*100 -> 0.96931538 | N25: =N23/N21*100 -> 1.0919141 | O25: =O23/O21*100 -> 1.2322984 | P25: =P23/P21*100 -> 1.3791778 | Q25: =Q23/Q21*100 -> 1.5264548 | R25: =R23/R21*100 -> 1.6642113 | S25: % por ano | X25: Prezado(a) usuário(a): Utilize a tabela amarela abaixo para definir o valor máximo nos eixos verticais do gráfico.
E26: Para taxas: o valor inserido no ano n é o valor médio anual entre n e n+5. | V26: Valor máximo no eixo vertical | AA26: Cálculos realizados para ajustar todas as variáveis para valores entre 0 e 1.
U27: Para o gráfico à esquerda, nomes das variáveis (unidade) | V27: nos gráficos originais de Randers | W27: Na sua previsão | AB27: 1970 | AC27: 1975 | AD27: 1980 | AE27: 1985 | AF27: 1990 | AG27: 1995 | AH27: 2000 | AI27: 2005 | AJ27: 2010 | AK27: 2015 | AL27: 2020 | AM27: 2025 | AN27: 2030 | AO27: 2035 | AP27: 2040 | AQ27: 2045 | AR27: 2050
U28: =AA28 -> População da China (0 - 1,4 Gp) | V28: 1400 | W28: =W38 -> 1400 | AA28: =CONCATENATE(A9," (0 - ",W28/1000," Gp)") -> População da China (0 - 1,4 Gp) | AB28: =B9/$W28 -> 0.58487995 | AC28: =C9/$W28 -> 0.65688884 | AD28: =D9/$W28 -> 0.7060503 | AE28: =E9/$W28 -> 0.75877861 | AF28: =F9/$W28 -> 0.822392 | AG28: =G9/$W28 -> 0.87180668 | AH28: =H9/$W28 -> 0.91166566 | AI28: =I9/$W28 -> 0.93920338 | ... AR28: =R9/$W28 -> 0.8325681
U29: =AA29 -> Nascimentos, China (0 - 30 milhões/ano) | V29: 30 | W29: =W39 -> 30 | AA29: =CONCATENATE(A10," (0 - ",W29," Mp / yr)") -> Nascimentos, China (0 - 30 milhões/ano) | AB29: =B10/$W29 -> 0.90900056 | AC29: =C10/$W29 -> 0.68516277 | AD29: =D10/$W29 -> 0.73259031 | AE29: =E10/$W29 -> 0.85395662 | AF29: =F10/$W29 -> 0.73939229 | AG29: =G10/$W29 -> 0.66229133 | AH29: =H10/$W29 -> 0.58037503 | AI29: =I10/$W29 -> 0.55917803 | ... AR29: =R10/$W29 -> 0.2175778
U30: =AA30 -> Mortes, China (0 - 20 milhões/ano) | V30: 20 | W30: =W40 -> 20 | AA30: =CONCATENATE(A11," (0 - ",W30," Mp / yr)") -> Mortes, China (0 - 20 milhões/ano) | AB30: =B11/$W30 -> 0.34483701 | AC30: =C11/$W30 -> 0.33915661 | AD30: =D11/$W30 -> 0.35925591 | AE30: =E11/$W30 -> 0.3899553 | AF30: =F11/$W30 -> 0.41078699 | AG30: =G11/$W30 -> 0.43434255 | AH30: =H11/$W30 -> 0.46236627 | AI30: =I11/$W30 -> 0.48172094 | ... AR30: =R11/$W30 -> 0.96989845
U31: =AA31 -> Taxa bruta de natalidade (0 - 4 % / ano) | V31: 4 | W31: =W41 -> 4 | AA31: =CONCATENATE(A12," (0 - ",W31," % / yr)") -> Taxa bruta de natalidade (0 - 4 % / ano) | AB31: =B12/$W31 -> 0.83258896 | AC31: =C12/$W31 -> 0.5587726 | AD31: =D12/$W31 -> 0.55585146 | AE31: =E12/$W31 -> 0.60291204 | AF31: =F12/$W31 -> 0.48164746 | AG31: =G12/$W31 -> 0.40696973 | AH31: =H12/$W31 -> 0.34104081 | AI31: =I12/$W31 -> 0.31895079 | ... AR31: =R12/$W31 -> 0.14
U32: =AA32 -> Taxa bruta de mortalidade (0 - 2 % / ano) | V32: 2 | W32: =W42 -> 2 | AA32: =CONCATENATE(A13," (0 - ",W32," % / yr)") -> Taxa bruta de mortalidade (0 - 2 % / ano) | AB32: =B13/$W32 -> 0.42113283 | AC32: =C13/$W32 -> 0.36879105 | AD32: =D13/$W32 -> 0.36344629 | AE32: =E13/$W32 -> 0.36708929 | AF32: =F13/$W32 -> 0.35678761 | AG32: =G13/$W32 -> 0.35586408 | AH32: =H13/$W32 -> 0.36226178 | AI32: =I13/$W32 -> 0.36635982 | ... AR32: =R13/$W32 -> 0.83210563
U33: =AA33 -> Previsão de baixa populacional da ONU (0 - 1,4 Gp) | W33: =W28 -> 1400 | AA33: =CONCATENATE(A21," (0 - ",W33/1000," Gp)") -> Previsão de baixa populacional da ONU (0 - 1,4 Gp) | AK33: =K21/$W33 -> 0.97499808 | AL33: =L21/$W33 -> 0.97434565 | AM33: =M21/$W33 -> 0.96414347 | AN33: =N21/$W33 -> 0.94826874 | AO33: =O21/$W33 -> 0.92577555 | AP33: =P21/$W33 -> 0.89550247 | AQ33: =Q21/$W33 -> 0.85770429 | AR33: =R21/$W33 -> 0.8137691
U34: =AA34 -> Nascimentos: Previsão baixa da ONU (0 - 30 milhões/ano) | W34: =W29 -> 30 | AA34: =CONCATENATE(A22," (0 - ",W34," Mp / yr)") -> Nascimentos: Previsão baixa da ONU (0 - 30 milhões/ano) | AJ34: =J22/$W34 -> 0.45435905 | AK34: =K22/$W34 -> 0.36625625 | AL34: =L22/$W34 -> 0.31005924 | AM34: =M22/$W34 -> 0.29762131 | AN34: =N22/$W34 -> 0.28290283 | AO34: =O22/$W34 -> 0.259543 | AP34: =P22/$W34 -> 0.23325775 | AQ34: =Q22/$W34 -> 0.21061884 | AR34: =R22/$W34 -> 0.19385837
U35: =AA35 -> Mortes: Previsão baixa da ONU (0 - 20 milhões/ano) | W35: =W30 -> 20 | AA35: =CONCATENATE(A23," (0 - ",W35," Mp / yr)") -> Mortes: Previsão baixa da ONU (0 - 20 milhões/ano) | AJ35: =J23/$W35 -> 0.50664595 | AK35: =K23/$W35 -> 0.54275325 | AL35: =L23/$W35 -> 0.59269988 | AM35: =M23/$W35 -> 0.65419137 | AN35: =N23/$W35 -> 0.72479963 | AO35: =O23/$W35 -> 0.7985822 | AP35: =P23/$W35 -> 0.86453997 | AQ35: =Q23/$W35 -> 0.91647281 | AR35: =R23/$W35 -> 0.94799859
U36: =AA36 -> Baixa taxa de natalidade da ONU (0 - 4% / ano) | W36: =W31 -> 4 | AA36: =CONCATENATE(A24," (0 - ",W36," % / yr)") -> Baixa taxa de natalidade da ONU (0 - 4% / ano) | AJ36: =J24/$W36 -> 0.25262154 | AK36: =K24/$W36 -> 0.20124009 | AL36: =L24/$W36 -> 0.17047663 | AM36: =M24/$W36 -> 0.16536956 | AN36: =N24/$W36 -> 0.15982293 | AO36: =O24/$W36 -> 0.15018856 | AP36: =P24/$W36 -> 0.13954122 | AQ36: =Q24/$W36 -> 0.13155061 | AR36: =R24/$W36 -> 0.12761937
U37: =AA37 -> Baixa taxa de mortalidade da ONU (0 - 2% / ano) | W37: =W32 -> 2 | AA37: =CONCATENATE(A25," (0 - ",W37," % / yr)") -> Baixa taxa de mortalidade da ONU (0 - 2% / ano) | AJ37: =J25/$W37 -> 0.37559043 | AK37: =K25/$W37 -> 0.39762221 | AL37: =L25/$W37 -> 0.43450397 | AM37: =M25/$W37 -> 0.48465769 | AN37: =N25/$W37 -> 0.54595707 | AO37: =O25/$W37 -> 0.61614919 | AP37: =P25/$W37 -> 0.68958889 | AQ37: =Q25/$W37 -> 0.76322742 | AR37: =R25/$W37 -> 0.83210563
U38: =AA38 -> População da China: Sua previsão (0 - 1,4 Gp) | W38: 1400 | AA38: =CONCATENATE(A9," Your forecast (0 - ",W38/1000," Gp)") -> População da China: Sua previsão (0 - 1,4 Gp) | AK38: =K17/$W38 -> 0.97551 | AL38: =L17/$W38 -> 0.97812732 | AM38: =M17/$W38 -> 0.97242348 | AN38: =N17/$W38 -> 0.95959093 | AO38: =O17/$W38 -> 0.93881215 | AP38: =P17/$W38 -> 0.91064533 | AQ38: =Q17/$W38 -> 0.87587715 | AR38: =R17/$W38 -> 0.83525722
U39: =AA39 -> Nascimentos, China Sua previsão (0 - 30 milhões/ano) | W39: 30 | AA39: =CONCATENATE(A10," Your forecast (0 - ",W39," Mp / yr)") -> Nascimentos, China Sua previsão (0 - 30 milhões/ano) | AJ39: =J18/$W39 -> 0.449644 | AK39: =K18/$W39 -> 0.37921325 | AL39: =L18/$W39 -> 0.33549767 | AM39: =M18/$W39 -> 0.31130517 | AN39: =N18/$W39 -> 0.2852544 | AO39: =O18/$W39 -> 0.26619706 | AP39: =P18/$W39 -> 0.24988108 | AQ39: =Q18/$W39 -> 0.23232933 | AR39: =R18/$W39 -> 0.21391494
U40: =AA40 -> Mortes, China Sua previsão (0 - 20 milhões/ano) | W40: 20 | AA40: =CONCATENATE(A11," Your forecast (0 - ",W40," Mp / yr)") -> Mortes, China Sua previsão (0 - 20 milhões/ano) | AJ40: =J19/$W40 -> 0.50664595 | AK40: =K19/$W40 -> 0.53217746 | AL40: =L19/$W40 -> 0.58310028 | AM40: =M19/$W40 -> 0.64661333 | AN40: =N19/$W40 -> 0.71878457 | AO40: =O19/$W40 -> 0.79363114 | AP40: =P19/$W40 -> 0.86157607 | AQ40: =Q19/$W40 -> 0.91717302 | AR40: =R19/$W40 -> 0.95357051
U41: =AA41 -> Taxa bruta de natalidade: Sua previsão (0 - 4%/ano) | W41: 4 | AA41: =CONCATENATE(A12," Your forecast (0 - ",W41," % / yr)") -> Taxa bruta de natalidade: Sua previsão (0 - 4%/ano) | AJ41: =J15/$W41 -> 0.25 | AK41: =K15/$W41 -> 0.20825 | AL41: =L15/$W41 -> 0.18375 | AM41: =M15/$W41 -> 0.1715 | AN41: =N15/$W41 -> 0.15925 | AO41: =O15/$W41 -> 0.1519 | AP41: =P15/$W41 -> 0.147 | AQ41: =Q15/$W41 -> 0.1421 | AR41: =R15/$W41 -> 0.1372
U42: =AA42 -> Taxa bruta de mortalidade: Sua previsão (0 - 2%/ano) | W42: 2 | AA42: =CONCATENATE(A13," Your forecast (0 - ",W42," % / yr)") -> Taxa bruta de mortalidade: Sua previsão (0 - 2%/ano) | AJ42: =J16/$W42 -> 0.37559043 | AK42: =K16/$W42 -> 0.38966977 | AL42: =L16/$W42 -> 0.42581389 | AM42: =M16/$W42 -> 0.47496454 | AN42: =N16/$W42 -> 0.53503793 | AO42: =O16/$W42 -> 0.60382621 | AP42: =P16/$W42 -> 0.67579711 | AQ42: =Q16/$W42 -> 0.74796287 | AR42: =R16/$W42 -> 0.81546352
A52: Gráfico 2
A53: =CONCATENATE(A52,". Potential Work Force - ",A5," 1970 to 2050") -> Gráfico 2. Força de Trabalho Potencial - China, 1970 a 2050
B54: 1970 | C54: 1975 | D54: 1980 | E54: 1985 | F54: 1990 | G54: 1995 | H54: 2000 | I54: 2005 | J54: 2010 | K54: 2015 | L54: 2020 | M54: 2025 | N54: 2030 | O54: 2035 | P54: 2040 | Q54: 2045 | R54: 2050 | S54: Unidades
A55: População, China | B55: =B9 -> 818.83193 | C55: =C9 -> 919.64437 | D55: =D9 -> 988.47042 | E55: =E9 -> 1062.2901 | F55: =F9 -> 1151.3488 | G55: =G9 -> 1220.5294 | H55: =H9 -> 1276.3319 | I55: =I9 -> 1314.8847 | ... R55: =R9 -> 1165.5953 | S55: Deputado | U55: A tabela original foi baixada de http://esa.un.org/unpd/wpp/Excel-Data/DB03_Population_ByAgeSex_Quinquennial/WPP2010_DB3_F1_POPULATION_BY_AGE_BOTH_SEXES.XLS
A56: Pessoas na China, com idades entre 15 e 64 anos. | B56: 461.98323 | C56: 519.64773 | D56: 587.06452 | E56: 676.98286 | F56: 760.57336 | G56: 809.79855 | H56: 861.96521 | I56: 928.10044 | J56: 976.30926 | K56: =K57 -> 1001.8154 | L56: =L57 -> 994.89644 | M56: =M57 -> 987.07104 | N56: =N57 -> 953.08311 | O56: =O57 -> 883.53026 | P56: =P57 -> 810.28059 | Q56: =Q57 -> 760.45764 | R56: =R57 -> 701.35842 | S56: Deputado | U56: Último acesso em 11 de abril de 2012
A57: Insira a faixa etária de 15 a 64 anos diretamente. | K57: 1001.8154 | L57: 994.89644 | M57: 987.07104 | N57: 953.08311 | O57: 883.53026 | P57: 810.28059 | Q57: 760.45764 | R57: 701.35842 | S57: Deputado | U57: Para valores futuros, foi utilizada a variante BAIXA.
A58: Faixa etária de 15 a 65 anos como porcentagem da população total | B58: =B56/B55*100 -> 56.419787 | C58: =C56/C55*100 -> 56.505291 | D58: =D56/D55*100 -> 59.391207 | E58: =E56/E55*100 -> 63.728626 | F58: =F56/F55*100 -> 66.059335 | G58: =G56/G55*100 -> 66.348142 | H58: =H56/H55*100 -> 67.534565 | I58: =I56/I55*100 -> 70.584167 | ... R58: =R56/R55*100 -> 60.17169 | S58: %
A59: ônus de suporte (população/idade 15-64) | B59: =B55/B56 -> 1.7724278 | C59: =C55/C56 -> 1.7697458 | D59: =D55/D56 -> 1.6837509 | E59: =E55/E56 -> 1.5691536 | F59: =F55/F56 -> 1.5137906 | G59: =G55/G56 -> 1.5072012 | H59: =H55/H56 -> 1.4807232 | I59: =I55/I56 -> 1.4167483 | ... R59: =R55/R56 -> 1.6619111 | S59: Mp / Mp
A60: Sua previsão
H61: Insira a faixa etária de 15 a 64 anos diretamente. | J61: Sua previsão | K61: =K57 -> 1001.8154 | L61: =L57*0.98 -> 974.99851 | M61: =M57*0.98 -> 967.32962 | N61: =N57*0.98 -> 934.02145 | O61: =O57*0.98 -> 865.85966 | P61: =P57*0.98 -> 794.07498 | Q61: =Q57*0.98 -> 745.24849 | R61: =R57*0.98 -> 687.33125 | S61: Deputado
J62: Faixa etária de 15 a 65 anos como porcentagem da população total | K62: =K61/K17*100 -> 73.354702 | L62: =L61/L17*100 -> 71.200088 | M62: =M61/M17*100 -> 71.054406 | N62: =N61/N17*100 -> 69.525269 | O62: =O61/O17*100 -> 65.878055 | P62: =P61/P17*100 -> 62.285107 | Q62: =Q61/Q17*100 -> 60.775686 | R62: =R61/R17*100 -> 58.778407 | S62: %
J63: ônus de suporte (população/idade 15-64) | K63: =K17/K61 -> 1.3632391 | L63: =L17/L61 -> 1.4044927 | M63: =M17/M61 -> 1.4073723 | N63: =N17/N61 -> 1.438326 | O63: =O17/O61 -> 1.5179562 | P63: =P17/P61 -> 1.6055202 | Q63: =Q17/Q61 -> 1.6453948 | R63: =R17/R61 -> 1.701305 | S63: Mp / Mp
A64: Apenas para fins informativos
A65: Pessoas ONU Previsão Baixa (Mp) | K65: =K21 -> 1364.9973 | L65: =L21 -> 1364.0839 | M65: =M21 -> 1349.8009 | N65: =N21 -> 1327.5762 | O65: =O21 -> 1296.0858 | P65: =P21 -> 1253.7035 | Q65: =Q21 -> 1200.786 | R65: =R21 -> 1139.2767 | S65: Deputado
A66: População da China com idade entre 15 e 64 anos - Previsão baixa da ONU (Mp) | K66: 1001.8154 | L66: 994.89644 | M66: 987.07104 | N66: 953.08311 | O66: 883.53026 | P66: 810.28059 | Q66: 760.45764 | R66: 701.35842 | S66: Deputado
A67: Sobrecarga de apoio ONU Baixa (população/idade 15-64) | K67: =K65/K66 -> 1.3625237 | L67: =L65/L66 -> 1.3710813 | M67: =M65/M66 -> 1.367481 | N67: =N65/N66 -> 1.3929281 | O67: =O65/O66 -> 1.4669399 | P67: =P65/P66 -> 1.5472461 | Q67: =Q65/Q66 -> 1.5790308 | R67: =R65/R66 -> 1.6243859 | S67: Mp / Mp | X67: Prezado(a) usuário(a): Utilize a tabela amarela abaixo para definir o valor máximo nos eixos verticais do gráfico.
V68: Valor máximo no eixo vertical | AA68: =AA26 -> Cálculos realizados para ajustar todas as variáveis para valores entre 0 e 1.
U69: Para o gráfico à esquerda, nomes das variáveis (unidade) | V69: nos gráficos originais de Randers | W69: Na sua previsão | AB69: 1970 | AC69: 1975 | AD69: 1980 | AE69: 1985 | AF69: 1990 | AG69: 1995 | AH69: 2000 | AI69: 2005 | AJ69: 2010 | AK69: 2015 | AL69: 2020 | AM69: 2025 | AN69: 2030 | AO69: 2035 | AP69: 2040 | AQ69: 2045 | AR69: 2050
U70: =AA71 -> Pessoas na China, com idade entre 15 e 64 anos (Grupo 0 - 1,1) | V70: 1100 | W70: =W74 -> 1100 | AA70: =CONCATENATE(A55," (0 - ",V28/1000," Gp)") -> População da China (0 - 1,4 Gp) | AB70: =B55/$V28 -> 0.58487995 | AC70: =C55/$V28 -> 0.65688884 | AD70: =D55/$V28 -> 0.7060503 | AE70: =E55/$V28 -> 0.75877861 | AF70: =F55/$V28 -> 0.822392 | AG70: =G55/$V28 -> 0.87180668 | AH70: =H55/$V28 -> 0.91166566 | AI70: =I55/$V28 -> 0.93920338 | ... AR70: =R55/$V28 -> 0.8325681
U71: =AA72 -> Sobrecarga de apoio (população/idade 15-64) (0 - 2) | V71: 2 | W71: =W75 -> 2 | AA71: =CONCATENATE(A56," (0 - ",W70/1000," Gp)") -> Pessoas na China, com idade entre 15 e 64 anos (Grupo 0 - 1,1) | AB71: =B56/$W70 -> 0.41998475 | AC71: =C56/$W70 -> 0.47240703 | AD71: =D56/$W70 -> 0.53369501 | AE71: =E56/$W70 -> 0.61543896 | AF71: =F56/$W70 -> 0.69143032 | AG71: =G56/$W70 -> 0.7361805 | AH71: =H56/$W70 -> 0.78360474 | AI71: =I56/$W70 -> 0.84372768 | ... AR71: =R56/$W70 -> 0.63759856
U72: =AA73 -> População da China com idade entre 15 e 64 anos - Previsão Baixa da ONU (Mp) (0 - 1,1 Gp) | W72: =W70 -> 1100 | AA72: =CONCATENATE(A59," (0 - ",W71,")") -> Sobrecarga de apoio (população/idade 15-64) (0 - 2) | AB72: =B59/$W71 -> 0.88621391 | AC72: =C59/$W71 -> 0.88487289 | AD72: =D59/$W71 -> 0.84187546 | AE72: =E59/$W71 -> 0.78457678 | AF72: =F59/$W71 -> 0.7568953 | AG72: =G59/$W71 -> 0.75360061 | AH72: =H59/$W71 -> 0.74036162 | AI72: =I59/$W71 -> 0.70837416 | ... AR72: =R59/$W71 -> 0.83095555
U73: =AA74 -> Sobrecarga de apoio ONU Baixa (população/idade 15-64) (0 - 2) | W73: =W71 -> 2 | AA73: =CONCATENATE(A66," (0 - ",W72/1000," Gp)") -> População da China com idade entre 15 e 64 anos - Previsão Baixa da ONU (Mp) (0 - 1,1 Gp) | AK73: =K66/$W72 -> 0.91074131 | AL73: =L66/$W72 -> 0.90445131 | AM73: =M66/$W72 -> 0.89733731 | AN73: =N66/$W72 -> 0.86643919 | AO73: =O66/$W72 -> 0.80320933 | AP73: =P66/$W72 -> 0.73661872 | AQ73: =Q66/$W72 -> 0.69132513 | AR73: =R66/$W72 -> 0.63759856
U74: =AA75 -> Pessoas na China, de 15 a 64 anos (Grupo 0 a 1,1): Sua previsão | W74: 1100 | AA74: =CONCATENATE(A67," (0 - ",W73,")") -> Sobrecarga de apoio ONU Baixa (população/idade 15-64) (0 - 2) | AK74: =K67/$W73 -> 0.68126187 | AL74: =L67/$W73 -> 0.68554066 | AM74: =M67/$W73 -> 0.68374048 | AN74: =N67/$W73 -> 0.69646404 | AO74: =O67/$W73 -> 0.73346994 | AP74: =P67/$W73 -> 0.77362303 | AQ74: =Q67/$W73 -> 0.78951538 | AR74: =R67/$W73 -> 0.81219296
U75: =AA76 -> Ônus de suporte (população/idade 15-64) (0 - 2) Sua previsão | W75: 2 | AA75: =CONCATENATE(AA71," Your forecast") -> Pessoas na China, de 15 a 64 anos (Grupo 0 a 1,1): Sua previsão | AK75: =K61/$W74 -> 0.91074131 | AL75: =L61/$W74 -> 0.88636228 | AM75: =M61/$W74 -> 0.87939056 | AN75: =N61/$W74 -> 0.84911041 | AO75: =O61/$W74 -> 0.78714514 | AP75: =P61/$W74 -> 0.72188634 | AQ75: =Q61/$W74 -> 0.67749863 | AR75: =R61/$W74 -> 0.62484659
AA76: =CONCATENATE(AA72," Your forecast ") -> Ônus de suporte (população/idade 15-64) (0 - 2) Sua previsão | AK76: =K63/$W75 -> 0.68161956 | AL76: =L63/$W75 -> 0.70224633 | AM76: =M63/$W75 -> 0.70368613 | AN76: =N63/$W75 -> 0.71916299 | AO76: =O63/$W75 -> 0.75897809 | AP76: =P63/$W75 -> 0.80276012 | AQ76: =Q63/$W75 -> 0.82269741 | AR76: =R63/$W75 -> 0.85065251
A93: Gráfico 3
A94: =CONCATENATE(A93,". Labour Productivity - ",A5," 1970 to 2050") -> Gráfico 3. Produtividade do Trabalho - China, 1970 a 2050
B95: 1970 | C95: 1975 | D95: 1980 | E95: 1985 | F95: 1990 | G95: 1995 | H95: 2000 | I95: 2005 | J95: 2010 | K95: 2015 | L95: 2020 | M95: 2025 | N95: 2030 | O95: 2035 | P95: 2040 | Q95: 2045 | R95: 2050 | S95: Unidades
A96: PIB da China | B96: 0.35013891 | C96: 0.472675 | D96: 0.7041639 | E96: 1.1385593 | F96: 1.5862818 | G96: 2.7652728 | H96: 3.8492616 | I96: 6.3918464 | J96: 9.5606352 | K96: =K97*K98/1000000 -> 13.979831 | L96: =L97*L98/1000000 -> 19.08951 | M96: =M97*M98/1000000 -> 25.094653 | N96: =N97*N98/1000000 -> 30.893971 | O96: =O97*O98/1000000 -> 35.083303 | P96: =P97*P98/1000000 -> 37.805271 | Q96: =Q97*Q98/1000000 -> 39.915766 | R96: =R97*R98/1000000 -> 39.574726 | S96: T$ / ano | U96: Os dados originais provêm de http://pwt.econ.upenn.edu/php_site/pwt70/pwt70_form.php
A97: Pessoas na China, com idades entre 15 e 64 anos. | B97: =B56 -> 461.98323 | C97: =C56 -> 519.64773 | D97: =D56 -> 587.06452 | E97: =E56 -> 676.98286 | F97: =F56 -> 760.57336 | G97: =G56 -> 809.79855 | H97: =H56 -> 861.96521 | I97: =I56 -> 928.10044 | ... R97: =R56 -> 701.35842 | S97: Deputado | U97: Último acesso em 12 de abril de 2012.
A98: Produtividade do trabalho | B98: =B96/B97*1000000 -> 757.90394 | C98: =C96/C97*1000000 -> 909.60659 | D98: =D96/D97*1000000 -> 1199.466 | E98: =E96/E97*1000000 -> 1681.814 | F98: =F96/F97*1000000 -> 2085.6394 | G98: =G96/G97*1000000 -> 3414.7663 | H98: =H96/H97*1000000 -> 4465.6809 | I98: =I96/I97*1000000 -> 6887.0201 | J98: =J96/J97*1000000 -> 9792.6298 | K98: =J98*(1+K99 /100*5) -> 13954.497 | L98: =K98*(1+L99 /100*5) -> 19187.434 | M98: =L98*(1+M99 /100*5) -> 25423.35 | N98: =M98*(1+N99 /100*5) -> 32414.771 | O98: =N98*(1+O99 /100*5) -> 39708.095 | P98: =O98*(1+P99 /100*5) -> 46657.012 | Q98: =P98*(1+Q99 /100*5) -> 52489.138 | R98: =Q98*(1+R99 /100*5) -> 56425.823 | S98: $ por pessoa - ano | AA98: 0.27715471 | AB98: PIB 1965
A99: Crescimento da produtividade | B99: =(((B98/AA100)-1)/5)*100 -> 1.8955101 | C99: =(((C98/B98)-1)/5)*100 -> 4.0032159 | D99: =(((D98/C98)-1)/5)*100 -> 6.3732909 | E99: =(((E98/D98)-1)/5)*100 -> 8.0427135 | F99: =(((F98/E98)-1)/5)*100 -> 4.8022597 | G99: =(((G98/F98)-1)/5)*100 -> 12.74551 | H99: =(((H98/G98)-1)/5)*100 -> 6.1551184 | I99: =(((I98/H98)-1)/5)*100 -> 10.844211 | J99: =(((J98/I98)-1)/5)*100 -> 8.4379301 | K99: 8.5 | L99: 7.5 | M99: 6.5 | N99: 5.5 | O99: 4.5 | P99: 3.5 | Q99: 2.5 | R99: 1.5 | S99: %/ano | AA99: 400.34386 | AB99: Idade 15-64 anos 1965
A100: =A9 -> População, China | B100: =B9 -> 818.83193 | C100: =C9 -> 919.64437 | D100: =D9 -> 988.47042 | E100: =E9 -> 1062.2901 | F100: =F9 -> 1151.3488 | G100: =G9 -> 1220.5294 | H100: =H9 -> 1276.3319 | ... R100: =R9 -> 1165.5953 | S100: Deputado | AA100: =AA98/AA99*1000000 -> 692.29165 | AB100: Produtividade do trabalho na China em 1965
A101: PIB per capita | B101: =B96/B100*1000000 -> 427.60779 | C101: =C96/C100*1000000 -> 513.97585 | D101: =D96/D100*1000000 -> 712.37731 | E101: =E96/E100*1000000 -> 1071.797 | F101: =F96/F100*1000000 -> 1377.7595 | G101: =G96/G100*1000000 -> 2265.634 | H101: =H96/H100*1000000 -> 3015.8782 | I101: =I96/I100*1000000 -> 4861.1458 | ... R101: =R96/R100*1000000 -> 33952.372 | S101: $ / pessoa / ano
A102: Sua previsão
J103: crescimento em LP sua estimativa | K103: =K99 -> 8.5 | L103: =L99*0.95 -> 7.125 | M103: =M99*0.95 -> 6.175 | N103: =N99*0.95 -> 5.225 | O103: =O99*0.95 -> 4.275 | P103: =P99*0.95 -> 3.325 | Q103: =Q99*0.95 -> 2.375 | R103: =R99*0.95 -> 1.425 | S103: %/ano
J104: =CONCATENATE(A96,", Your forecast") -> PIB da China, sua previsão | K104: =K105*K61/1000000 -> 13.979831 | L104: =L105*L61/1000000 -> 18.452614 | M104: =M105*M61/1000000 -> 23.959907 | N104: =N105*N61/1000000 -> 29.178884 | O104: =O105*O61/1000000 -> 32.831337 | P104: =P105*P61/1000000 -> 35.115127 | Q104: =Q105*Q61/1000000 -> 36.869469 | R104: =R105*R61/1000000 -> 36.426941 | S104: =S96 -> T$ / ano
J105: =CONCATENATE(A98,", Your forecast") -> Produtividade do trabalho, sua previsão | K105: =J98*(1+K103/100*5) -> 13954.497 | L105: =K105*(1+L103/100*5) -> 18925.787 | M105: =L105*(1+M103/100*5) -> 24769.124 | N105: =M105*(1+N103/100*5) -> 31240.058 | O105: =N105*(1+O103/100*5) -> 37917.62 | P105: =O105*(1+P103/100*5) -> 44221.424 | Q105: =P105*(1+Q103/100*5) -> 49472.718 | R105: =Q105*(1+R103/100*5) -> 52997.65 | S105: $ por pessoa - ano | X105: Prezado(a) usuário(a): Utilize a tabela amarela abaixo para definir o valor máximo nos eixos verticais do gráfico.
V106: Valor máximo no eixo vertical | AA106: Cálculos realizados para ajustar todas as variáveis para valores entre 0 e 1.
U107: Para o gráfico à esquerda, nomes das variáveis (unidade) | V107: nos gráficos originais de Randers | W107: Na sua previsão | AB107: 1970 | AC107: 1975 | AD107: 1980 | AE107: 1985 | AF107: 1990 | AG107: 1995 | AH107: 2000 | AI107: 2005 | AJ107: 2010 | AK107: 2015 | AL107: 2020 | AM107: 2025 | AN107: 2030 | AO107: 2035 | AP107: 2040 | AQ107: 2045 | AR107: 2050
U108: =AA108 -> PIB da China (0 - 18 trilhões de dólares/ano) | V108: 40 | W108: 18 | AA108: =CONCATENATE(A96," (0 - ",W108," T$ / yr)") -> PIB da China (0 - 18 trilhões de dólares/ano) | AB108: =B96/$W108 -> 0.019452162 | AC108: =C96/$W108 -> 0.026259722 | AD108: =D96/$W108 -> 0.039120217 | AE108: =E96/$W108 -> 0.063253292 | AF108: =F96/$W108 -> 0.088126764 | AG108: =G96/$W108 -> 0.15362627 | AH108: =H96/$W108 -> 0.21384786 | AI108: =I96/$W108 -> 0.35510258 | ... AR108: =R96/$W108 -> 2.1985959
U109: =AA109 -> Produtividade do trabalho (0 - 60000 $ / pessoa-ano) | V109: 60000 | W109: =W112 -> 60000 | AA109: =CONCATENATE(A98," (0 - ",W109," $ / person-yr)") -> Produtividade do trabalho (0 - 60000 $ / pessoa-ano) | AB109: =B98/$W109 -> 0.012631732 | AC109: =C98/$W109 -> 0.01516011 | AD109: =D98/$W109 -> 0.019991099 | AE109: =E98/$W109 -> 0.028030234 | AF109: =F98/$W109 -> 0.034760657 | AG109: =G98/$W109 -> 0.056912772 | AH109: =H98/$W109 -> 0.074428015 | AI109: =I98/$W109 -> 0.11478367 | ... AR109: =R98/$W109 -> 0.94043039
U110: =AA110 -> PIB per capita (0 - 50.000 $ / pessoa-ano) | V110: 35000 | W110: 50000 | AA110: =CONCATENATE(A101," (0 - ",W110," $ / person-yr)") -> PIB per capita (0 - 50.000 $ / pessoa-ano) | AB110: =B101/$W110 -> 0.0085521558 | AC110: =C101/$W110 -> 0.010279517 | AD110: =D101/$W110 -> 0.014247546 | AE110: =E101/$W110 -> 0.021435939 | AF110: =F101/$W110 -> 0.02755519 | AG110: =G101/$W110 -> 0.04531268 | AH110: =H101/$W110 -> 0.060317563 | AI110: =I101/$W110 -> 0.097222916 | ... AR110: =R101/$W110 -> 0.67904743
U111: =AA111 -> Crescimento da produtividade (0 - 15 % / ano) | V111: 15 | W111: =W113 -> 15 | AA111: =CONCATENATE(A99," (0 - ",W111," % / yr)") -> Crescimento da produtividade (0 - 15 % / ano) | AB111: =B99/$W111 -> 0.12636734 | AC111: =C99/$W111 -> 0.26688106 | AD111: =D99/$W111 -> 0.42488606 | AE111: =E99/$W111 -> 0.5361809 | AF111: =F99/$W111 -> 0.32015065 | AG111: =G99/$W111 -> 0.84970069 | AH111: =H99/$W111 -> 0.41034123 | AI111: =I99/$W111 -> 0.72294737 | ... AR111: =R99/$W111 -> 0.1
U112: =AA112 -> Produtividade do trabalho (0 - 60.000 $/pessoa-ano) Sua previsão | W112: 60000 | AA112: =CONCATENATE(A98," (0 - ",W112," $ / person-yr) Your forecast") -> Produtividade do trabalho (0 - 60.000 $/pessoa-ano) Sua previsão | AK112: =K105/$W112 -> 0.23257496 | AL112: =L105/$W112 -> 0.31542979 | AM112: =M105/$W112 -> 0.41281873 | AN112: =N105/$W112 -> 0.52066763 | AO112: =O105/$W112 -> 0.63196033 | AP112: =P105/$W112 -> 0.73702374 | AQ112: =Q105/$W112 -> 0.82454531 | AR112: =R105/$W112 -> 0.88329416
U113: =AA113 -> Crescimento da produtividade (0 - 15% ao ano) Sua previsão | W113: 15 | AA113: =CONCATENATE(A99," (0 - ",W113," % / yr) Your forecast") -> Crescimento da produtividade (0 - 15% ao ano) Sua previsão | AK113: =K103/$W113 -> 0.56666667 | AL113: =L103/$W113 -> 0.475 | AM113: =M103/$W113 -> 0.41166667 | AN113: =N103/$W113 -> 0.34833333 | AO113: =O103/$W113 -> 0.285 | AP113: =P103/$W113 -> 0.22166667 | AQ113: =Q103/$W113 -> 0.15833333 | AR113: =R103/$W113 -> 0.095
A131: Gráfico 4
A132: =CONCATENATE(A131,". Production (GDP) and Consumption - ",A5," 1970 to 2050") -> Gráfico 4. Produção (PIB) e Consumo - China, 1970 a 2050
B133: 1970 | C133: 1975 | D133: 1980 | E133: 1985 | F133: 1990 | G133: 1995 | H133: 2000 | I133: 2005 | J133: 2010 | K133: 2015 | L133: 2020 | M133: 2025 | N133: 2030 | O133: 2035 | P133: 2040 | Q133: 2045 | R133: 2050 | S133: Unidades | AA133: Cálculos realizados para ajustar todas as variáveis para valores entre 0 e 1.
A134: =A96 -> PIB da China | B134: =B96 -> 0.35013891 | C134: =C96 -> 0.472675 | D134: =D96 -> 0.7041639 | E134: =E96 -> 1.1385593 | F134: =F96 -> 1.5862818 | G134: =G96 -> 2.7652728 | H134: =H96 -> 3.8492616 | ... R134: =R96 -> 39.574726 | S134: T$ / ano | U134: Os dados originais provêm de http://pwt.econ.upenn.edu/php_site/pwt70/pwt70_form.php | AB134: 1970 | AC134: 1975 | AD134: 1980 | AE134: 1985 | AF134: 1990 | AG134: 1995 | AH134: 2000 | AI134: 2005 | AJ134: 2010 | AK134: 2015 | AL134: 2020 | AM134: 2025 | AN134: 2030 | AO134: 2035 | AP134: 2040 | AQ134: 2045 | AR134: 2050
A135: Investimento | B135: 0.11816321 | C135: 0.16453518 | D135: 0.24116631 | E135: 0.41285517 | F135: 0.54633576 | G135: 1.1771973 | H135: 1.479216 | I135: 2.676458 | J135: 4.4117138 | K135: =K134*K137/100 -> 5.711939 | L135: =L134*L137/100 -> 7.3602124 | M135: =M134*M137/100 -> 9.2454321 | N135: =N134*N137/100 -> 11.092999 | O135: =O134*O137/100 -> 12.473872 | P135: =P134*P137/100 -> 13.474274 | Q135: =Q134*Q137/100 -> 14.631501 | R135: =R134*R137/100 -> 15.124256 | S135: T$ / ano | U135: Último acesso em 12 de abril de 2012. | AA135: =CONCATENATE(A96," (0 - ",W155," T$ / yr)") -> PIB da China (0 - 40 trilhões de dólares/ano) | AB135: =B134/$W155 -> 0.0087534727 | AC135: =C134/$W155 -> 0.011816875 | AD135: =D134/$W155 -> 0.017604098 | AE135: =E134/$W155 -> 0.028463981 | AF135: =F134/$W155 -> 0.039657044 | AG135: =G134/$W155 -> 0.06913182 | AH135: =H134/$W155 -> 0.096231539 | AI135: =I134/$W155 -> 0.15979616 | ... AR135: =R134/$W155 -> 0.98936815
A136: Consumo | B136: =B134-B135 -> 0.2319757 | C136: =C134-C135 -> 0.30813982 | D136: =D134-D135 -> 0.4629976 | E136: =E134-E135 -> 0.72570409 | F136: =F134-F135 -> 1.039946 | G136: =G134-G135 -> 1.5880755 | H136: =H134-H135 -> 2.3700455 | I136: =I134-I135 -> 3.7153884 | ... R136: =R134-R135 -> 24.45047 | S136: T$ / ano | AA136: =CONCATENATE(A137," (0 - ",W156,"% /yr)") -> Percentagem de investimento (0 - 50%/ano) | AB136: =B137/$W$156 -> 0.67495047 | AC136: =C137/$W$156 -> 0.69618735 | AD136: =D137/$W$156 -> 0.68497208 | AE136: =E137/$W$156 -> 0.72522387 | AF136: =F137/$W$156 -> 0.68882562 | AG136: =G137/$W$156 -> 0.85141493 | AH136: =H137/$W$156 -> 0.76857132 | AI136: =I137/$W$156 -> 0.83746006 | ... AR136: =R137/$W$156 -> 0.76433915
A137: % de participação no investimento | B137: =B135/B134*100 -> 33.747523 | C137: =C135/C134*100 -> 34.809367 | D137: =D135/D134*100 -> 34.248604 | E137: =E135/E134*100 -> 36.261193 | F137: =F135/F134*100 -> 34.441281 | G137: =G135/G134*100 -> 42.570747 | H137: =H135/H134*100 -> 38.428566 | I137: =I135/I134*100 -> 41.873003 | J137: =J135/J134*100 -> 46.144568 | K137: =SUM(K138:K141) -> 40.858426 | L137: =SUM(L138:L141) -> 38.55632 | M137: =SUM(M138:M141) -> 36.84224 | N137: =SUM(N138:N141) -> 35.90668 | O137: =SUM(O138:O141) -> 35.55501 | P137: =SUM(P138:P141) -> 35.641257 | Q137: =SUM(Q138:Q141) -> 36.655943 | R137: =SUM(R138:R141) -> 38.216957 | S137: % por ano | AA137: =CONCATENATE(A136," (0 - ",W157, " T$ / yr)") -> Consumo (0 - 40 T$ / ano) | AB137: =B136/$W$157 -> 0.0057993925 | AC137: =C136/$W$157 -> 0.0077034956 | AD137: =D136/$W$157 -> 0.01157494 | AE137: =E136/$W$157 -> 0.018142602 | AF137: =F136/$W$157 -> 0.02599865 | AG137: =G136/$W$157 -> 0.039701888 | AH137: =H136/$W$157 -> 0.059251138 | AI137: =I136/$W$157 -> 0.09288471 | ... AR137: =R136/$W$157 -> 0.61126175
A138: Participação no investimento do ano passado mais variação percentual na taxa de investimento normal | K138: =J137 -> 46.144568 | L138: =K138+K141 -> 40.608426 | M138: =L138+L141 -> 36.45632 | N138: =M138+M141 -> 33.34224 | O138: =N138+N141 -> 31.00668 | P138: =O138+O141 -> 29.25501 | Q138: =P138+P141 -> 27.941257 | R138: =Q138+Q141 -> 26.955943 | S138: % por ano | AA138: =CONCATENATE("normal + norm change inv."," (0 - ",W156,"% /yr)") -> normal + mudança normal inv. (0 - 50% /ano) | AK138: =(K138+K141)/$W$156 -> 0.81216853 | AL138: =(L138+L141)/$W$156 -> 0.72912639 | AM138: =(M138+M141)/$W$156 -> 0.6668448 | AN138: =(N138+N141)/$W$156 -> 0.6201336 | AO138: =(O138+O141)/$W$156 -> 0.5851002 | AP138: =(P138+P141)/$W$156 -> 0.55882515 | AQ138: =(Q138+Q141)/$W$156 -> 0.53911886 | AR138: =(R138+R141)/$W$156 -> 0.52433915
A139: % investimento voluntário | K139: 0.1 | L139: 1.3 | M139: 2 | N139: 2.7 | O139: 3.4 | P139: 4.1 | Q139: 5 | R139: 6 | S139: % por ano | AA139: =CONCATENATE("normal + voluntary inv."," (0 - ",W156,"% /yr)") -> Inventário normal + voluntário (0 - 50% /ano) | AK139: =(K138+K141+K139)/$W$156 -> 0.81416853 | AL139: =(L138+L141+L139)/$W$156 -> 0.75512639 | AM139: =(M138+M141+M139)/$W$156 -> 0.7068448 | AN139: =(N138+N141+N139)/$W$156 -> 0.6741336 | AO139: =(O138+O141+O139)/$W$156 -> 0.6531002 | AP139: =(P138+P141+P139)/$W$156 -> 0.64082515 | AQ139: =(Q138+Q141+Q139)/$W$156 -> 0.63911886 | AR139: =(R138+R141+R139)/$W$156 -> 0.64433915
A140: % investimento forçado | K140: 0.15 | L140: 0.8 | M140: 1.5 | N140: 2.2 | O140: 2.9 | P140: 3.6 | Q140: 4.7 | R140: 6 | S140: % por ano | AA140: =CONCATENATE("normal + voluntary + forced inv."," (0 - ",W156,"% /yr)") -> Inventário normal + voluntário + forçado (0 - 50% /ano) | AK140: =(K138+K139+K140+K141)/$W$156 -> 0.81716853 | AL140: =(L138+L139+L140+L141)/$W$156 -> 0.77112639 | AM140: =(M138+M139+M140+M141)/$W$156 -> 0.7368448 | AN140: =(N138+N139+N140+N141)/$W$156 -> 0.7181336 | AO140: =(O138+O139+O140+O141)/$W$156 -> 0.7111002 | AP140: =(P138+P139+P140+P141)/$W$156 -> 0.71282515 | AQ140: =(Q138+Q139+Q140+Q141)/$W$156 -> 0.73311886 | AR140: =(R138+R139+R140+R141)/$W$156 -> 0.76433915
A141: Variação percentual na taxa de investimento normal | K141: =5*(24 - K$138)/20 -> -5.5361421 | L141: =5*(24 - L$138)/20 -> -4.1521066 | M141: =5*(24 - M$138)/20 -> -3.1140799 | N141: =5*(24 - N$138)/20 -> -2.3355599 | O141: =5*(24 - O$138)/20 -> -1.75167 | P141: =5*(24 - P$138)/20 -> -1.3137525 | Q141: =5*(24 - Q$138)/20 -> -0.98531435 | R141: =5*(24 - R$138)/20 -> -0.73898576 | S141: % por ano | AA141: investimento sem ajuste à norma mundial | AK141: =K138*K$134/100 -> 6.4509327 | AL141: =L138*L$134/100 -> 7.7519495 | AM141: =M138*M$134/100 -> 9.1485868 | AN141: =N138*N$134/100 -> 10.300742 | AO141: =O138*O$134/100 -> 10.878168 | AP141: =P138*P$134/100 -> 11.059936 | AQ141: =Q138*Q$134/100 -> 11.152967 | AR141: =R138*R$134/100 -> 10.667741
A142: Sua previsão
...

Sheet  OCDE
A1: =SumWorld!A1 -> Prezado(a) usuário(a): Esta é a versão de 7 de novembro de 2014, às 11h, da planilha de 2052 de Ulrich Goluke (2052@blue-way.net)
A2: =SumWorld!A2 -> Prezado(a) usuário(a): O lado esquerdo desta planilha contém os dados numéricos e os gráficos que você também encontra no livro de 2052. | U2: =SumWorld!U2 -> Prezado(a) usuário(a): Os cálculos nesta parte à direita da planilha garantem o dimensionamento correto dos gráficos.
U3: =SumWorld!U3 -> Contém também a fonte dos dados históricos.
I4: Código de cores | J4: Dados históricos | M4: Sua previsão
A5: EUA sem OCDE | J5: Previsão de Randers | M5: Calculado a partir da sua previsão.
J6: Valores calculados | M6: Suas próprias células de referência
A7: =CONCATENATE("Graph 1. Population - ",A5," 1970 to 2050") -> Gráfico 1. População - EUA (excluindo os países da OCDE) de 1970 a 2050
B8: 1970 | C8: 1975 | D8: 1980 | E8: 1985 | F8: 1990 | G8: 1995 | H8: 2000 | I8: 2005 | J8: 2010 | K8: 2015 | L8: 2020 | M8: 2025 | N8: 2030 | O8: 2035 | P8: 2040 | Q8: 2045 | R8: 2050 | S8: Unidades
A9: População, EUA sem a OCDE | B9: 595.37423 | C9: 621.51645 | D9: 641.18903 | E9: 657.80781 | F9: 673.72223 | G9: 691.03659 | H9: 702.81364 | I9: 719.52914 | J9: 737.13711 | K9: =J9+(J10-J11)*5 -> 741.75302 | L9: =K9+(K10-K11)*5 -> 740.76498 | M9: =L9+(L10-L11)*5 -> 734.7481 | N9: =M9+(M10-M11)*5 -> 725.44947 | O9: =N9+(N10-N11)*5 -> 714.16577 | P9: =O9+(O10-O11)*5 -> 700.45645 | Q9: =P9+(P10-P11)*5 -> 683.7935 | R9: =Q9+(Q10-Q11)*5 -> 663.89229 | S9: Deputado | U9: A tabela original foi baixada de http://esa.un.org/unpd/wpp/Excel-Data/DB03_Population_ByAgeSex_Quinquennial/WPP2010_DB3_F1_POPULATION_BY_AGE_BOTH_SEXES.XLS
A10: Nascimentos, EUA sem a OCDE | B10: 10.403606 | C10: 9.4395844 | D10: 8.9810776 | E10: 8.5176402 | F10: 8.1983918 | G10: 7.7033278 | H10: 7.4231628 | I10: 7.6935372 | J10: =J9*J12/100 -> 7.7399397 | K10: =K9*K12/100 -> 7.0466537 | L10: =L9*L12/100 -> 6.4446553 | M10: =M9*M12/100 -> 6.1718841 | N10: =N9*N12/100 -> 6.1663205 | O10: =O9*O12/100 -> 6.070409 | P10: =P9*P12/100 -> 5.8137886 | Q10: =Q9*Q12/100 -> 5.4019686 | R10: =R9*R12/100 -> 5.1119706 | S10: Mp/ano | U10: Último acesso em 11 de abril de 2012
A11: Mortes, EUA sem a OCDE | B11: 5.810134 | C11: 5.8885266 | D11: 5.9735352 | E11: 6.0339716 | F11: 6.1572358 | G11: 6.2603932 | H11: 6.2499424 | I11: 6.4179822 | J11: =J9*J13/100 -> 6.8167586 | K11: =K9*K13/100 -> 7.2442609 | L11: =L9*L13/100 -> 7.6480311 | M11: =M9*M13/100 -> 8.0316098 | N11: =N9*N13/100 -> 8.4230622 | O11: =O9*O13/100 -> 8.8122716 | P11: =P9*P13/100 -> 9.1463796 | Q11: =Q9*Q13/100 -> 9.3822097 | R11: =R9*R13/100 -> 9.4833785 | S11: Mp/ano | U11: Para valores futuros, foi utilizada a variante BAIXA.
A12: taxa bruta de natalidade | B12: =B10/B9*100 -> 1.7474062 | C12: =C10/C9*100 -> 1.5187988 | D12: =D10/D9*100 -> 1.4006911 | E12: =E10/E9*100 -> 1.2948524 | F12: =F10/F9*100 -> 1.2168801 | G12: =G10/G9*100 -> 1.1147496 | H12: =H10/H9*100 -> 1.0562064 | I12: =I10/I9*100 -> 1.0692461 | J12: 1.05 | K12: 0.95 | L12: 0.87 | M12: 0.84 | N12: 0.85 | O12: 0.85 | P12: 0.83 | Q12: 0.79 | R12: 0.77 | S12: % por ano
A13: taxa bruta de mortalidade | B13: =B11/B9*100 -> 0.97587933 | C13: =C11/C9*100 -> 0.94744502 | D13: =D11/D9*100 -> 0.93163402 | E13: =E11/E9*100 -> 0.91728489 | F13: =F11/F9*100 -> 0.91391311 | G13: =G11/G9*100 -> 0.90594237 | H13: =H11/H9*100 -> 0.88927448 | I13: =I11/I9*100 -> 0.89196973 | J13: 0.92476128 | K13: 0.97664057 | L13: 1.0324504 | M13: 1.0931107 | N13: 1.1610819 | O13: 1.2339252 | P13: 1.3057742 | Q13: 1.3720823 | R13: 1.4284514 | S13: % por ano
A14: Sua previsão
G15: taxa bruta de natalidade | I15: Sua previsão | J15: =J12 -> 1.05 | K15: =K12*0.98 -> 0.931 | L15: =L12*0.98 -> 0.8526 | M15: =M12*0.98 -> 0.8232 | N15: =N12*0.98 -> 0.833 | O15: =O12*0.98 -> 0.833 | P15: =P12*0.98 -> 0.8134 | Q15: =Q12*0.98 -> 0.7742 | R15: =R12*0.98 -> 0.7546 | S15: % por ano
G16: taxa bruta de mortalidade | I16: Sua previsão | J16: =J13 -> 0.92476128 | K16: =K13*0.98 -> 0.95710775 | L16: =L13*0.98 -> 1.0118014 | M16: =M13*0.98 -> 1.0712484 | N16: =N13*0.98 -> 1.1378602 | O16: =O13*0.98 -> 1.2092467 | P16: =P13*0.98 -> 1.2796587 | Q16: =Q13*0.98 -> 1.3446407 | R16: =R13*0.98 -> 1.3998823 | S16: % por ano
I17: População, EUA sem a OCDE | K17: =J9+(J18-J19)*5 -> 741.75302 | L17: =K17+(K18-K19)*5 -> 740.78474 | M17: =L17+(L18-L19)*5 -> 734.88804 | N17: =M17+(M18-M19)*5 -> 725.77365 | O17: =N17+(N18-N19)*5 -> 714.71068 | P17: =O17+(O18-O19)*5 -> 701.2653 | Q17: =P17+(P18-P19)*5 -> 684.91675 | R17: =Q17+(Q18-Q19)*5 -> 665.38153 | S17: Deputado
I18: Nascimentos, EUA sem a OCDE | J18: =J9*J15/100 -> 7.7399397 | K18: =K17*K15/100 -> 6.9057206 | L18: =L17*L15/100 -> 6.3159307 | M18: =M17*M15/100 -> 6.0495984 | N18: =N17*N15/100 -> 6.0456945 | O18: =O17*O15/100 -> 5.9535399 | P18: =P17*P15/100 -> 5.7040919 | Q18: =Q17*Q15/100 -> 5.3026254 | R18: =R17*R15/100 -> 5.020969 | S18: Mp/ano
I19: Mortes, EUA sem a OCDE | J19: =J9*J16/100 -> 6.8167586 | K19: =K17*K16/100 -> 7.0993756 | L19: =L17*L16/100 -> 7.4952704 | M19: =M17*M16/100 -> 7.8724767 | N19: =N17*N16/100 -> 8.2582897 | O19: =O17*O16/100 -> 8.6426154 | P19: =P17*P16/100 -> 8.9738025 | Q19: =Q17*Q16/100 -> 9.2096692 | R19: =R17*R16/100 -> 9.3145584 | S19: Mp/ano
A20: Apenas para fins informativos
A21: Previsão baixa da população da ONU | K21: 743.10788 | L21: 743.32335 | M21: 738.92257 | N21: 732.14571 | O21: 722.7466 | P21: 710.61069 | Q21: 695.28118 | R21: 676.74758 | S21: Deputado
A22: Nascimentos: baixa previsão da ONU | J22: 6.5982612 | K22: 5.9354542 | L22: 5.492522 | M22: 5.4833162 | N22: 5.462532 | O22: 5.3923714 | P22: 5.1640334 | Q22: 4.8247416 | R22: 4.5436994 | S22: Mp/ano
A23: Mortes: previsão baixa da ONU | J23: 6.8167586 | K23: 7.257493 | L23: 7.674445 | M23: 8.0772414 | N23: 8.500811 | O23: 8.9181526 | P23: 9.278971 | Q23: 9.5398302 | R23: 9.66701 | S23: Mp/ano
A24: Baixa taxa de natalidade da ONU | J24: =J22/J9*100 -> 0.89511993 | K24: =K22/K21*100 -> 0.79873385 | L24: =L22/L21*100 -> 0.73891423 | M24: =M22/M21*100 -> 0.74206911 | N24: =N22/N21*100 -> 0.74609903 | O24: =O22/O21*100 -> 0.74609433 | P24: =P22/P21*100 -> 0.72670359 | Q24: =Q22/Q21*100 -> 0.69392668 | R24: =R22/R21*100 -> 0.67140239 | S24: % por ano
A25: Baixa taxa de mortalidade da ONU | J25: =J23/J9*100 -> 0.92476128 | K25: =K23/K21*100 -> 0.97664057 | L25: =L23/L21*100 -> 1.0324504 | M25: =M23/M21*100 -> 1.0931107 | N25: =N23/N21*100 -> 1.1610819 | O25: =O23/O21*100 -> 1.2339252 | P25: =P23/P21*100 -> 1.3057742 | Q25: =Q23/Q21*100 -> 1.3720823 | R25: =R23/R21*100 -> 1.4284514 | S25: % por ano | X25: Prezado(a) usuário(a): Utilize a tabela amarela abaixo para definir o valor máximo nos eixos verticais do gráfico.
E26: Para taxas: o valor inserido no ano n é o valor médio anual entre n e n+5. | V26: Valor máximo no eixo vertical | AA26: Cálculos realizados para ajustar todas as variáveis para valores entre 0 e 1.
U27: Para o gráfico à esquerda, nomes das variáveis (unidade) | V27: nos gráficos originais de Randers | W27: Na sua previsão | AB27: 1970 | AC27: 1975 | AD27: 1980 | AE27: 1985 | AF27: 1990 | AG27: 1995 | AH27: 2000 | AI27: 2005 | AJ27: 2010 | AK27: 2015 | AL27: 2020 | AM27: 2025 | AN27: 2030 | AO27: 2035 | AP27: 2040 | AQ27: 2045 | AR27: 2050
U28: =AA28 -> População, OCDE-excluindo EUA (0 - 0,75 Gp) | V28: 750 | W28: =W38 -> 750 | AA28: =CONCATENATE(A9," (0 - ",W28/1000," Gp)") -> População, OCDE-excluindo EUA (0 - 0,75 Gp) | AB28: =B9/$W28 -> 0.7938323 | AC28: =C9/$W28 -> 0.8286886 | AD28: =D9/$W28 -> 0.85491871 | AE28: =E9/$W28 -> 0.87707707 | AF28: =F9/$W28 -> 0.89829631 | AG28: =G9/$W28 -> 0.92138212 | AH28: =H9/$W28 -> 0.93708486 | AI28: =I9/$W28 -> 0.95937219 | ... AR28: =R9/$W28 -> 0.88518972
U29: =AA29 -> Nascimentos, países da OCDE excluindo os EUA (0 - 12 milhões/ano) | V29: 12 | W29: =W39 -> 12 | AA29: =CONCATENATE(A10," (0 - ",W29," Mp / yr)") -> Nascimentos, países da OCDE excluindo os EUA (0 - 12 milhões/ano) | AB29: =B10/$W29 -> 0.86696717 | AC29: =C10/$W29 -> 0.78663203 | AD29: =D10/$W29 -> 0.74842313 | AE29: =E10/$W29 -> 0.70980335 | AF29: =F10/$W29 -> 0.68319932 | AG29: =G10/$W29 -> 0.64194398 | AH29: =H10/$W29 -> 0.6185969 | AI29: =I10/$W29 -> 0.6411281 | ... AR29: =R10/$W29 -> 0.42599755
U30: =AA30 -> Mortes, países da OCDE excluindo os EUA (0 - 10 milhões/ano) | V30: 10 | W30: =W40 -> 10 | AA30: =CONCATENATE(A11," (0 - ",W30," Mp / yr)") -> Mortes, países da OCDE excluindo os EUA (0 - 10 milhões/ano) | AB30: =B11/$W30 -> 0.5810134 | AC30: =C11/$W30 -> 0.58885266 | AD30: =D11/$W30 -> 0.59735352 | AE30: =E11/$W30 -> 0.60339716 | AF30: =F11/$W30 -> 0.61572358 | AG30: =G11/$W30 -> 0.62603932 | AH30: =H11/$W30 -> 0.62499424 | AI30: =I11/$W30 -> 0.64179822 | ... AR30: =R11/$W30 -> 0.94833785
U31: =AA31 -> Taxa bruta de natalidade (0 - 2 % / ano) | V31: 2 | W31: =W41 -> 2 | AA31: =CONCATENATE(A12," (0 - ",W31," % / yr)") -> Taxa bruta de natalidade (0 - 2 % / ano) | AB31: =B12/$W31 -> 0.87370309 | AC31: =C12/$W31 -> 0.7593994 | AD31: =D12/$W31 -> 0.70034554 | AE31: =E12/$W31 -> 0.6474262 | AF31: =F12/$W31 -> 0.60844005 | AG31: =G12/$W31 -> 0.55737482 | AH31: =H12/$W31 -> 0.52810321 | AI31: =I12/$W31 -> 0.53462304 | ... AR31: =R12/$W31 -> 0.385
U32: =AA32 -> Taxa bruta de mortalidade (0 - 2 % / ano) | V32: 2 | W32: =W42 -> 2 | AA32: =CONCATENATE(A13," (0 - ",W32," % / yr)") -> Taxa bruta de mortalidade (0 - 2 % / ano) | AB32: =B13/$W32 -> 0.48793966 | AC32: =C13/$W32 -> 0.47372251 | AD32: =D13/$W32 -> 0.46581701 | AE32: =E13/$W32 -> 0.45864244 | AF32: =F13/$W32 -> 0.45695655 | AG32: =G13/$W32 -> 0.45297118 | AH32: =H13/$W32 -> 0.44463724 | AI32: =I13/$W32 -> 0.44598487 | ... AR32: =R13/$W32 -> 0.71422568
U33: =AA33 -> Previsão de baixa população da ONU (0 - 0,75 Gp) | W33: =W28 -> 750 | AA33: =CONCATENATE(A21," (0 - ",W33/1000," Gp)") -> Previsão de baixa população da ONU (0 - 0,75 Gp) | AK33: =K21/$W33 -> 0.99081051 | AL33: =L21/$W33 -> 0.9910978 | AM33: =M21/$W33 -> 0.9852301 | AN33: =N21/$W33 -> 0.97619428 | AO33: =O21/$W33 -> 0.96366213 | AP33: =P21/$W33 -> 0.94748091 | AQ33: =Q21/$W33 -> 0.92704158 | AR33: =R21/$W33 -> 0.90233011
U34: =AA34 -> Nascimentos: Previsão baixa da ONU (0 - 12 milhões/ano) | W34: =W29 -> 12 | AA34: =CONCATENATE(A22," (0 - ",W34," Mp / yr)") -> Nascimentos: Previsão baixa da ONU (0 - 12 milhões/ano) | AJ34: =J22/$W34 -> 0.5498551 | AK34: =K22/$W34 -> 0.49462118 | AL34: =L22/$W34 -> 0.45771017 | AM34: =M22/$W34 -> 0.45694302 | AN34: =N22/$W34 -> 0.455211 | AO34: =O22/$W34 -> 0.44936428 | AP34: =P22/$W34 -> 0.43033612 | AQ34: =Q22/$W34 -> 0.4020618 | AR34: =R22/$W34 -> 0.37864162
U35: =AA35 -> Mortes: Previsão baixa da ONU (0 - 10 milhões/ano) | W35: =W30 -> 10 | AA35: =CONCATENATE(A23," (0 - ",W35," Mp / yr)") -> Mortes: Previsão baixa da ONU (0 - 10 milhões/ano) | AJ35: =J23/$W35 -> 0.68167586 | AK35: =K23/$W35 -> 0.7257493 | AL35: =L23/$W35 -> 0.7674445 | AM35: =M23/$W35 -> 0.80772414 | AN35: =N23/$W35 -> 0.8500811 | AO35: =O23/$W35 -> 0.89181526 | AP35: =P23/$W35 -> 0.9278971 | AQ35: =Q23/$W35 -> 0.95398302 | AR35: =R23/$W35 -> 0.966701
U36: =AA36 -> Baixa taxa de natalidade da ONU (0 - 2% / ano) | W36: =W31 -> 2 | AA36: =CONCATENATE(A24," (0 - ",W36," % / yr)") -> Baixa taxa de natalidade da ONU (0 - 2% / ano) | AJ36: =J24/$W36 -> 0.44755996 | AK36: =K24/$W36 -> 0.39936693 | AL36: =L24/$W36 -> 0.36945712 | AM36: =M24/$W36 -> 0.37103456 | AN36: =N24/$W36 -> 0.37304951 | AO36: =O24/$W36 -> 0.37304717 | AP36: =P24/$W36 -> 0.3633518 | AQ36: =Q24/$W36 -> 0.34696334 | AR36: =R24/$W36 -> 0.33570119
U37: =AA37 -> Baixa taxa de mortalidade da ONU (0 - 2% / ano) | W37: =W32 -> 2 | AA37: =CONCATENATE(A25," (0 - ",W37," % / yr)") -> Baixa taxa de mortalidade da ONU (0 - 2% / ano) | AJ37: =J25/$W37 -> 0.46238064 | AK37: =K25/$W37 -> 0.48832028 | AL37: =L25/$W37 -> 0.51622521 | AM37: =M25/$W37 -> 0.54655533 | AN37: =N25/$W37 -> 0.58054093 | AO37: =O25/$W37 -> 0.61696261 | AP37: =P25/$W37 -> 0.6528871 | AQ37: =Q25/$W37 -> 0.68604116 | AR37: =R25/$W37 -> 0.71422568
U38: =AA38 -> População, OCDE excluindo EUA Sua previsão (0 - 0,75 Gp) | W38: 750 | AA38: =CONCATENATE(A9," Your forecast (0 - ",W38/1000," Gp)") -> População, OCDE excluindo EUA Sua previsão (0 - 0,75 Gp) | AK38: =K17/$W38 -> 0.98900402 | AL38: =L17/$W38 -> 0.98771299 | AM38: =M17/$W38 -> 0.97985072 | AN38: =N17/$W38 -> 0.9676982 | AO38: =O17/$W38 -> 0.95294757 | AP38: =P17/$W38 -> 0.9350204 | AQ38: =Q17/$W38 -> 0.91322233 | AR38: =R17/$W38 -> 0.88717537
U39: =AA39 -> Nascimentos, EUA (excluindo países da OCDE) Sua previsão (0 - 12 milhões/ano) | W39: 12 | AA39: =CONCATENATE(A10," Your forecast (0 - ",W39," Mp / yr)") -> Nascimentos, EUA (excluindo países da OCDE) Sua previsão (0 - 12 milhões/ano) | AJ39: =J18/$W39 -> 0.64499497 | AK39: =K18/$W39 -> 0.57547672 | AL39: =L18/$W39 -> 0.52632756 | AM39: =M18/$W39 -> 0.5041332 | AN39: =N18/$W39 -> 0.50380788 | AO39: =O18/$W39 -> 0.49612833 | AP39: =P18/$W39 -> 0.47534099 | AQ39: =Q18/$W39 -> 0.44188545 | AR39: =R18/$W39 -> 0.41841408
U40: =AA40 -> Mortes, EUA sem a OCDE: Sua previsão (0 - 10 milhões/ano) | W40: 10 | AA40: =CONCATENATE(A11," Your forecast (0 - ",W40," Mp / yr)") -> Mortes, EUA sem a OCDE: Sua previsão (0 - 10 milhões/ano) | AJ40: =J19/$W40 -> 0.68167586 | AK40: =K19/$W40 -> 0.70993756 | AL40: =L19/$W40 -> 0.74952704 | AM40: =M19/$W40 -> 0.78724767 | AN40: =N19/$W40 -> 0.82582897 | AO40: =O19/$W40 -> 0.86426154 | AP40: =P19/$W40 -> 0.89738025 | AQ40: =Q19/$W40 -> 0.92096692 | AR40: =R19/$W40 -> 0.93145584
U41: =AA41 -> Taxa bruta de natalidade: Sua previsão (0 - 2%/ano) | W41: 2 | AA41: =CONCATENATE(A12," Your forecast (0 - ",W41," % / yr)") -> Taxa bruta de natalidade: Sua previsão (0 - 2%/ano) | AJ41: =J15/$W41 -> 0.525 | AK41: =K15/$W41 -> 0.4655 | AL41: =L15/$W41 -> 0.4263 | AM41: =M15/$W41 -> 0.4116 | AN41: =N15/$W41 -> 0.4165 | AO41: =O15/$W41 -> 0.4165 | AP41: =P15/$W41 -> 0.4067 | AQ41: =Q15/$W41 -> 0.3871 | AR41: =R15/$W41 -> 0.3773
U42: =AA42 -> Taxa bruta de mortalidade: Sua previsão (0 - 2%/ano) | W42: 2 | AA42: =CONCATENATE(A13," Your forecast (0 - ",W42," % / yr)") -> Taxa bruta de mortalidade: Sua previsão (0 - 2%/ano) | AJ42: =J16/$W42 -> 0.46238064 | AK42: =K16/$W42 -> 0.47855388 | AL42: =L16/$W42 -> 0.5059007 | AM42: =M16/$W42 -> 0.53562422 | AN42: =N16/$W42 -> 0.56893011 | AO42: =O16/$W42 -> 0.60462336 | AP42: =P16/$W42 -> 0.63982936 | AQ42: =Q16/$W42 -> 0.67232034 | AR42: =R16/$W42 -> 0.69994117
A52: Gráfico 2
A53: =CONCATENATE(A52,". Potential Work Force - ",A5," 1970 to 2050") -> Gráfico 2. Força de Trabalho Potencial - EUA (excluindo os países da OCDE) de 1970 a 2050
B54: 1970 | C54: 1975 | D54: 1980 | E54: 1985 | F54: 1990 | G54: 1995 | H54: 2000 | I54: 2005 | J54: 2010 | K54: 2015 | L54: 2020 | M54: 2025 | N54: 2030 | O54: 2035 | P54: 2040 | Q54: 2045 | R54: 2050 | S54: Unidades
A55: População, EUA sem a OCDE | B55: =B9 -> 595.37423 | C55: =C9 -> 621.51645 | D55: =D9 -> 641.18903 | E55: =E9 -> 657.80781 | F55: =F9 -> 673.72223 | G55: =G9 -> 691.03659 | H55: =H9 -> 702.81364 | I55: =I9 -> 719.52914 | ... R55: =R9 -> 663.89229 | S55: Deputado | U55: A tabela original foi baixada de http://esa.un.org/unpd/wpp/Excel-Data/DB03_Population_ByAgeSex_Quinquennial/WPP2010_DB3_F1_POPULATION_BY_AGE_BOTH_SEXES.XLS
A56: Pessoas de países não pertencentes à OCDE, com idade entre 15 e 64 anos. | B56: 379.20446 | C56: 397.56841 | D56: 416.37022 | E56: 438.96861 | F56: 454.7359 | G56: 466.90018 | H56: 474.63995 | I56: 484.42726 | J56: 492.93169 | K56: =K57 -> 488.77876 | L56: =L57 -> 482.55501 | M56: =M57 -> 475.2045 | N56: =N57 -> 459.15202 | O56: =O57 -> 438.87914 | P56: =P57 -> 416.91492 | Q56: =Q57 -> 397.30406 | R56: =R57 -> 378.83848 | S56: Deputado | U56: Último acesso em 11 de abril de 2012
A57: Insira a faixa etária de 15 a 64 anos diretamente. | K57: 488.77876 | L57: 482.55501 | M57: 475.2045 | N57: 459.15202 | O57: 438.87914 | P57: 416.91492 | Q57: 397.30406 | R57: 378.83848 | S57: Deputado | U57: Para valores futuros, foi utilizada a variante BAIXA.
A58: Faixa etária de 15 a 65 anos como porcentagem da população total | B58: =B56/B55*100 -> 63.691783 | C58: =C56/C55*100 -> 63.967481 | D58: =D56/D55*100 -> 64.937202 | E58: =E56/E55*100 -> 66.732046 | F58: =F56/F55*100 -> 67.49605 | G58: =G56/G55*100 -> 67.56519 | H58: =H56/H55*100 -> 67.534254 | I58: =I56/I55*100 -> 67.325592 | ... R58: =R56/R55*100 -> 57.063244 | S58: %
A59: ônus de suporte (população/idade 15-64) | B59: =B55/B56 -> 1.5700612 | C59: =C55/C56 -> 1.5632943 | D59: =D55/D56 -> 1.5399493 | E59: =E55/E56 -> 1.4985304 | F59: =F55/F56 -> 1.4815682 | G59: =G55/G56 -> 1.4800521 | H59: =H55/H56 -> 1.4807301 | I59: =I55/I56 -> 1.4853193 | ... R59: =R55/R56 -> 1.7524415 | S59: Mp / Mp
A60: Sua previsão
H61: Insira a faixa etária de 15 a 64 anos diretamente. | J61: Sua previsão | K61: =K57 -> 488.77876 | L61: =L57*0.98 -> 472.90391 | M61: =M57*0.98 -> 465.70041 | N61: =N57*0.98 -> 449.96898 | O61: =O57*0.98 -> 430.10156 | P61: =P57*0.98 -> 408.57662 | Q61: =Q57*0.98 -> 389.35798 | R61: =R57*0.98 -> 371.26171 | S61: Deputado
J62: Faixa etária de 15 a 65 anos como porcentagem da população total | K62: =K61/K17*100 -> 65.895083 | L62: =L61/L17*100 -> 63.838235 | M62: =M61/M17*100 -> 63.370253 | N62: =N61/N17*100 -> 61.998528 | O62: =O61/O17*100 -> 60.178415 | P62: =P61/P17*100 -> 58.262775 | Q62: =Q61/Q17*100 -> 56.847491 | R62: =R61/R17*100 -> 55.796817 | S62: %
J63: ônus de suporte (população/idade 15-64) | K63: =K17/K61 -> 1.5175639 | L63: =L17/L61 -> 1.5664593 | M63: =M17/M61 -> 1.5780275 | N63: =N17/N61 -> 1.6129415 | O63: =O17/O61 -> 1.6617254 | P63: =P17/P61 -> 1.7163618 | Q63: =Q17/Q61 -> 1.7590926 | R63: =R17/R61 -> 1.7922169 | S63: Mp / Mp
A64: Apenas para fins informativos
A65: Pessoas ONU Previsão Baixa (Mp) | K65: =K21 -> 743.10788 | L65: =L21 -> 743.32335 | M65: =M21 -> 738.92257 | N65: =N21 -> 732.14571 | O65: =O21 -> 722.7466 | P65: =P21 -> 710.61069 | Q65: =Q21 -> 695.28118 | R65: =R21 -> 676.74758 | S65: Deputado
A66: Pessoas de 15 a 64 anos, fora dos EUA e países da OCDE (previsão baixa da ONU - Mp) | K66: 488.77876 | L66: 482.55501 | M66: 475.2045 | N66: 459.15202 | O66: 438.87914 | P66: 416.91492 | Q66: 397.30406 | R66: 378.83848 | S66: Deputado
A67: Sobrecarga de apoio ONU Baixa (população/idade 15-64) | K67: =K65/K66 -> 1.5203359 | L67: =L65/L66 -> 1.5403909 | M67: =M65/M66 -> 1.554957 | N67: =N65/N66 -> 1.5945606 | O67: =O65/O66 -> 1.646801 | P67: =P65/P66 -> 1.7044501 | Q67: =Q65/Q66 -> 1.7499977 | R67: =R65/R66 -> 1.786375 | S67: Mp / Mp | X67: Prezado(a) usuário(a): Utilize a tabela amarela abaixo para definir o valor máximo nos eixos verticais do gráfico.
V68: Valor máximo no eixo vertical | AA68: =AA26 -> Cálculos realizados para ajustar todas as variáveis para valores entre 0 e 1.
U69: Para o gráfico à esquerda, nomes das variáveis (unidade) | V69: nos gráficos originais de Randers | W69: Na sua previsão | AB69: 1970 | AC69: 1975 | AD69: 1980 | AE69: 1985 | AF69: 1990 | AG69: 1995 | AH69: 2000 | AI69: 2005 | AJ69: 2010 | AK69: 2015 | AL69: 2020 | AM69: 2025 | AN69: 2030 | AO69: 2035 | AP69: 2040 | AQ69: 2045 | AR69: 2050
U70: =AA71 -> Pessoas dos EUA (excluindo países da OCDE) com idade entre 15 e 64 anos (0 - 0,5 Gp) | V70: 500 | W70: =W74 -> 500 | AA70: =CONCATENATE(A55," (0 - ",V28/1000," Gp)") -> População, OCDE-excluindo EUA (0 - 0,75 Gp) | AB70: =B55/$V28 -> 0.7938323 | AC70: =C55/$V28 -> 0.8286886 | AD70: =D55/$V28 -> 0.85491871 | AE70: =E55/$V28 -> 0.87707707 | AF70: =F55/$V28 -> 0.89829631 | AG70: =G55/$V28 -> 0.92138212 | AH70: =H55/$V28 -> 0.93708486 | AI70: =I55/$V28 -> 0.95937219 | ... AR70: =R55/$V28 -> 0.88518972
U71: =AA72 -> Sobrecarga de apoio (população/idade 15-64) (0 - 1,8) | V71: 1.8 | W71: =W75 -> 1.8 | AA71: =CONCATENATE(A56," (0 - ",W70/1000," Gp)") -> Pessoas de países não pertencentes à OCDE, com idade entre 15 e 64 anos (0 - 0,5 Gp) | AB71: =B56/$W70 -> 0.75840893 | AC71: =C56/$W70 -> 0.79513683 | AD71: =D56/$W70 -> 0.83274044 | AE71: =E56/$W70 -> 0.87793721 | AF71: =F56/$W70 -> 0.90947179 | AG71: =G56/$W70 -> 0.93380037 | AH71: =H56/$W70 -> 0.9492799 | AI71: =I56/$W70 -> 0.96885452 | ... AR71: =R56/$W70 -> 0.75767696
U72: =AA73 -> Pessoas de 15 a 64 anos, fora dos EUA e países da OCDE: Previsão baixa da ONU (Mp) (0 - 0,5 Gp) | W72: =W70 -> 500 | AA72: =CONCATENATE(A59," (0 - ",W71,")") -> Sobrecarga de apoio (população/idade 15-64) (0 - 1,8) | AB72: =B59/$W71 -> 0.87225624 | AC72: =C59/$W71 -> 0.86849685 | AD72: =D59/$W71 -> 0.85552739 | AE72: =E59/$W71 -> 0.8325169 | AF72: =F59/$W71 -> 0.82309343 | AG72: =G59/$W71 -> 0.82225116 | AH72: =H59/$W71 -> 0.82262781 | AI72: =I59/$W71 -> 0.82517738 | ... AR72: =R59/$W71 -> 0.97357864
U73: =AA74 -> Sobrecarga de apoio ONU Baixa (população/idade 15-64) (0 - 1,8) | W73: =W71 -> 1.8 | AA73: =CONCATENATE(A66," (0 - ",W72/1000," Gp)") -> Pessoas de 15 a 64 anos, fora dos EUA e países da OCDE: Previsão baixa da ONU (Mp) (0 - 0,5 Gp) | AK73: =K66/$W72 -> 0.97755753 | AL73: =L66/$W72 -> 0.96511001 | AM73: =M66/$W72 -> 0.95040901 | AN73: =N66/$W72 -> 0.91830404 | AO73: =O66/$W72 -> 0.87775828 | AP73: =P66/$W72 -> 0.83382984 | AQ73: =Q66/$W72 -> 0.79460813 | AR73: =R66/$W72 -> 0.75767696
U74: =AA75 -> Pessoas de países da OCDE, exceto EUA, com idade entre 15 e 64 anos (0 - 0,5 Gp). Sua previsão. | W74: 500 | AA74: =CONCATENATE(A67," (0 - ",W73,")") -> Sobrecarga de apoio ONU Baixa (população/idade 15-64) (0 - 1,8) | AK74: =K67/$W73 -> 0.84463103 | AL74: =L67/$W73 -> 0.85577273 | AM74: =M67/$W73 -> 0.863865 | AN74: =N67/$W73 -> 0.88586698 | AO74: =O67/$W73 -> 0.91488943 | AP74: =P67/$W73 -> 0.94691673 | AQ74: =Q67/$W73 -> 0.97222092 | AR74: =R67/$W73 -> 0.99243054
U75: =AA76 -> Sobrecarga de apoio (população/idade 15-64) (0 - 1,8) Sua previsão | W75: 1.8 | AA75: =CONCATENATE(AA71," Your forecast") -> Pessoas de países da OCDE, exceto EUA, com idade entre 15 e 64 anos (0 - 0,5 Gp). Sua previsão. | AK75: =K61/$W74 -> 0.97755753 | AL75: =L61/$W74 -> 0.94580781 | AM75: =M61/$W74 -> 0.93140083 | AN75: =N61/$W74 -> 0.89993796 | AO75: =O61/$W74 -> 0.86020311 | AP75: =P61/$W74 -> 0.81715325 | AQ75: =Q61/$W74 -> 0.77871597 | AR75: =R61/$W74 -> 0.74252342
AA76: =CONCATENATE(AA72," Your forecast ") -> Sobrecarga de apoio (população/idade 15-64) (0 - 1,8) Sua previsão | AK76: =K63/$W75 -> 0.84309107 | AL76: =L63/$W75 -> 0.87025519 | AM76: =M63/$W75 -> 0.87668192 | AN76: =N63/$W75 -> 0.89607862 | AO76: =O63/$W75 -> 0.92318077 | AP76: =P63/$W75 -> 0.95353432 | AQ76: =Q63/$W75 -> 0.97727367 | AR76: =R63/$W75 -> 0.99567608
A93: Gráfico 3
A94: =CONCATENATE(A93,". Labour Productivity - ",A5," 1970 to 2050") -> Gráfico 3. Produtividade do Trabalho - OCDE (excluindo EUA) de 1970 a 2050
B95: 1970 | C95: 1975 | D95: 1980 | E95: 1985 | F95: 1990 | G95: 1995 | H95: 2000 | I95: 2005 | J95: 2010 | K95: 2015 | L95: 2020 | M95: 2025 | N95: 2030 | O95: 2035 | P95: 2040 | Q95: 2045 | R95: 2050 | S95: Unidades
A96: PIB dos EUA sem a OCDE | B96: 8.0601524 | C96: 9.6441711 | D96: 11.456523 | E96: 12.616682 | F96: 15.45258 | G96: 16.95703 | H96: 19.377758 | I96: 21.445429 | J96: 22.021142 | K96: =K97*K98/1000000 -> 23.364109 | L96: =L97*L98/1000000 -> 24.50827 | M96: =M97*M98/1000000 -> 25.46237 | N96: =N97*N98/1000000 -> 25.770854 | O96: =O97*O98/1000000 -> 25.618317 | P96: =P97*P98/1000000 -> 25.127145 | Q96: =Q97*Q98/1000000 -> 24.543844 | R96: =R97*R98/1000000 -> 23.812669 | S96: T$ / ano | U96: Os dados originais provêm de http://pwt.econ.upenn.edu/php_site/pwt70/pwt70_form.php
A97: Pessoas de países não pertencentes à OCDE, com idade entre 15 e 64 anos. | B97: =B56 -> 379.20446 | C97: =C56 -> 397.56841 | D97: =D56 -> 416.37022 | E97: =E56 -> 438.96861 | F97: =F56 -> 454.7359 | G97: =G56 -> 466.90018 | H97: =H56 -> 474.63995 | I97: =I56 -> 484.42726 | ... R97: =R56 -> 378.83848 | S97: Deputado | U97: Último acesso em 12 de abril de 2012.
A98: Produtividade do trabalho | B98: =B96/B97*1000000 -> 21255.426 | C98: =C96/C97*1000000 -> 24257.891 | D98: =D96/D97*1000000 -> 27515.231 | E98: =E96/E97*1000000 -> 28741.65 | F98: =F96/F97*1000000 -> 33981.438 | G98: =G96/G97*1000000 -> 36318.319 | H98: =H96/H97*1000000 -> 40826.226 | I98: =I96/I97*1000000 -> 44269.659 | J98: =J96/J97*1000000 -> 44673.822 | K98: =J98*(1+K99 /100*5) -> 47800.989 | L98: =K98*(1+L99 /100*5) -> 50788.551 | M98: =L98*(1+M99 /100*5) -> 53581.922 | N98: =M98*(1+N99 /100*5) -> 56127.063 | O98: =N98*(1+O99 /100*5) -> 58372.145 | P98: =O98*(1+P99 /100*5) -> 60269.24 | Q98: =P98*(1+Q99 /100*5) -> 61775.971 | R98: =Q98*(1+R99 /100*5) -> 62857.051 | S98: $ por pessoa - ano
A99: Crescimento da produtividade | C99: =(((C98/B98)-1)/5)*100 -> 2.8251278 | D99: =(((D98/C98)-1)/5)*100 -> 2.685592 | E99: =(((E98/D98)-1)/5)*100 -> 0.89144791 | F99: =(((F98/E98)-1)/5)*100 -> 3.6461287 | G99: =(((G98/F98)-1)/5)*100 -> 1.3753867 | H99: =(((H98/G98)-1)/5)*100 -> 2.4824427 | I99: =(((I98/H98)-1)/5)*100 -> 1.6868728 | J99: =(((J98/I98)-1)/5)*100 -> 0.18259149 | K99: 1.4 | L99: 1.25 | M99: 1.1 | N99: 0.95 | O99: 0.8 | P99: 0.65 | Q99: 0.5 | R99: 0.35 | S99: %/ano
A100: =A9 -> População, EUA sem a OCDE | B100: =B9 -> 595.37423 | C100: =C9 -> 621.51645 | D100: =D9 -> 641.18903 | E100: =E9 -> 657.80781 | F100: =F9 -> 673.72223 | G100: =G9 -> 691.03659 | H100: =H9 -> 702.81364 | ... R100: =R9 -> 663.89229 | S100: Deputado
A101: PIB per capita | B101: =B96/B100*1000000 -> 13537.96 | C101: =C96/C100*1000000 -> 15517.162 | D101: =D96/D100*1000000 -> 17867.621 | E101: =E96/E100*1000000 -> 19179.891 | F101: =F96/F100*1000000 -> 22936.128 | G101: =G96/G100*1000000 -> 24538.541 | H101: =H96/H100*1000000 -> 27571.687 | I101: =I96/I100*1000000 -> 29804.81 | ... R101: =R96/R100*1000000 -> 35868.272 | S101: $ / pessoa / ano
A102: Sua previsão
J103: crescimento em LP sua estimativa | K103: =K99 -> 1.4 | L103: =L99*0.95 -> 1.1875 | M103: =M99*0.95 -> 1.045 | N103: =N99*0.95 -> 0.9025 | O103: =O99*0.95 -> 0.76 | P103: =P99*0.95 -> 0.6175 | Q103: =Q99*0.95 -> 0.475 | R103: =R99*0.95 -> 0.3325 | S103: %/ano
J104: =CONCATENATE(A96,", Your forecast") -> PIB dos EUA (excluindo a OCDE): sua previsão | K104: =K105*K61/1000000 -> 23.364109 | L104: =L105*L61/1000000 -> 23.947463 | M104: =M105*M61/1000000 -> 24.814879 | N104: =N105*N61/1000000 -> 25.058574 | O104: =O105*O61/1000000 -> 24.862348 | P104: =P105*P61/1000000 -> 24.347291 | Q104: =Q105*Q61/1000000 -> 23.753091 | R104: =R105*R61/1000000 -> 23.025655 | S104: =S96 -> T$ / ano
J105: =CONCATENATE(A98,", Your forecast") -> Produtividade do trabalho, sua previsão | K105: =J98*(1+K103/100*5) -> 47800.989 | L105: =K105*(1+L103/100*5) -> 50639.173 | M105: =L105*(1+M103/100*5) -> 53285.07 | N105: =M105*(1+N103/100*5) -> 55689.559 | O105: =N105*(1+O103/100*5) -> 57805.762 | P105: =O105*(1+P103/100*5) -> 59590.515 | Q105: =P105*(1+Q103/100*5) -> 61005.79 | R105: =Q105*(1+R103/100*5) -> 62020.011 | S105: $ por pessoa - ano | X105: Prezado(a) usuário(a): Utilize a tabela amarela abaixo para definir o valor máximo nos eixos verticais do gráfico.
V106: Valor máximo no eixo vertical | AA106: Cálculos realizados para ajustar todas as variáveis para valores entre 0 e 1.
U107: Para o gráfico à esquerda, nomes das variáveis (unidade) | V107: nos gráficos originais de Randers | W107: Na sua previsão | AB107: 1970 | AC107: 1975 | AD107: 1980 | AE107: 1985 | AF107: 1990 | AG107: 1995 | AH107: 2000 | AI107: 2005 | AJ107: 2010 | AK107: 2015 | AL107: 2020 | AM107: 2025 | AN107: 2030 | AO107: 2035 | AP107: 2040 | AQ107: 2045 | AR107: 2050
U108: =AA108 -> PIB da OCDE excluindo os EUA (0 - 18 trilhões de dólares/ano) | V108: 28 | W108: 18 | AA108: =CONCATENATE(A96," (0 - ",W108," T$ / yr)") -> PIB da OCDE excluindo os EUA (0 - 18 trilhões de dólares/ano) | AB108: =B96/$W108 -> 0.44778624 | AC108: =C96/$W108 -> 0.53578728 | AD108: =D96/$W108 -> 0.63647348 | AE108: =E96/$W108 -> 0.70092678 | AF108: =F96/$W108 -> 0.85847665 | AG108: =G96/$W108 -> 0.94205721 | AH108: =H96/$W108 -> 1.0765421 | AI108: =I96/$W108 -> 1.1914127 | ... AR108: =R96/$W108 -> 1.3229261
U109: =AA109 -> Produtividade do trabalho (0 - 65000 $ / pessoa-ano) | V109: 65000 | W109: =W112 -> 65000 | AA109: =CONCATENATE(A98," (0 - ",W109," $ / person-yr)") -> Produtividade do trabalho (0 - 65000 $ / pessoa-ano) | AB109: =B98/$W109 -> 0.32700655 | AC109: =C98/$W109 -> 0.37319832 | AD109: =D98/$W109 -> 0.42331124 | AE109: =E98/$W109 -> 0.44217923 | AF109: =F98/$W109 -> 0.52279135 | AG109: =G98/$W109 -> 0.55874337 | AH109: =H98/$W109 -> 0.62809579 | AI109: =I98/$W109 -> 0.68107167 | ... AR109: =R98/$W109 -> 0.96703155
U110: =AA110 -> PIB per capita (0 - 50.000 $ / pessoa-ano) | V110: 36000 | W110: 50000 | AA110: =CONCATENATE(A101," (0 - ",W110," $ / person-yr)") -> PIB per capita (0 - 50.000 $ / pessoa-ano) | AB110: =B101/$W110 -> 0.2707592 | AC110: =C101/$W110 -> 0.31034323 | AD110: =D101/$W110 -> 0.35735242 | AE110: =E101/$W110 -> 0.38359782 | AF110: =F101/$W110 -> 0.45872257 | AG110: =G101/$W110 -> 0.49077082 | AH110: =H101/$W110 -> 0.55143374 | AI110: =I101/$W110 -> 0.5960962 | ... AR110: =R101/$W110 -> 0.71736545
U111: =AA111 -> Crescimento da produtividade (0 - 4 % / ano) | V111: 4 | W111: =W113 -> 4 | AA111: =CONCATENATE(A99," (0 - ",W111," % / yr)") -> Crescimento da produtividade (0 - 4 % / ano) | AC111: =C99/$W111 -> 0.70628195 | AD111: =D99/$W111 -> 0.671398 | AE111: =E99/$W111 -> 0.22286198 | AF111: =F99/$W111 -> 0.91153216 | AG111: =G99/$W111 -> 0.34384668 | AH111: =H99/$W111 -> 0.62061067 | AI111: =I99/$W111 -> 0.42171821 | AJ111: =J99/$W111 -> 0.045647872 | ... AR111: =R99/$W111 -> 0.0875
U112: =AA112 -> Produtividade do trabalho (0 - 65.000 $/pessoa-ano) Sua previsão | W112: 65000 | AA112: =CONCATENATE(A98," (0 - ",W112," $ / person-yr) Your forecast") -> Produtividade do trabalho (0 - 65.000 $/pessoa-ano) Sua previsão | AK112: =K105/$W112 -> 0.73539984 | AL112: =L105/$W112 -> 0.7790642 | AM112: =M105/$W112 -> 0.81977031 | AN112: =N105/$W112 -> 0.85676244 | AO112: =O105/$W112 -> 0.88931941 | AP112: =P105/$W112 -> 0.91677715 | AQ112: =Q105/$W112 -> 0.93855061 | AR112: =R105/$W112 -> 0.95415401
U113: =AA113 -> Crescimento da produtividade (0 - 4% ao ano) Sua previsão | W113: 4 | AA113: =CONCATENATE(A99," (0 - ",W113," % / yr) Your forecast") -> Crescimento da produtividade (0 - 4% ao ano) Sua previsão | AK113: =K103/$W113 -> 0.35 | AL113: =L103/$W113 -> 0.296875 | AM113: =M103/$W113 -> 0.26125 | AN113: =N103/$W113 -> 0.225625 | AO113: =O103/$W113 -> 0.19 | AP113: =P103/$W113 -> 0.154375 | AQ113: =Q103/$W113 -> 0.11875 | AR113: =R103/$W113 -> 0.083125
A131: Gráfico 4
A132: =CONCATENATE(A131,". Production (GDP) and Consumption - ",A5," 1970 to 2050") -> Gráfico 4. Produção (PIB) e Consumo - OCDE (excluindo EUA) 1970 a 2050
B133: 1970 | C133: 1975 | D133: 1980 | E133: 1985 | F133: 1990 | G133: 1995 | H133: 2000 | I133: 2005 | J133: 2010 | K133: 2015 | L133: 2020 | M133: 2025 | N133: 2030 | O133: 2035 | P133: 2040 | Q133: 2045 | R133: 2050 | S133: Unidades | AA133: Cálculos realizados para ajustar todas as variáveis para valores entre 0 e 1.
A134: =A96 -> PIB dos EUA sem a OCDE | B134: =B96 -> 8.0601524 | C134: =C96 -> 9.6441711 | D134: =D96 -> 11.456523 | E134: =E96 -> 12.616682 | F134: =F96 -> 15.45258 | G134: =G96 -> 16.95703 | H134: =H96 -> 19.377758 | ... R134: =R96 -> 23.812669 | S134: T$ / ano | U134: Os dados originais provêm de http://pwt.econ.upenn.edu/php_site/pwt70/pwt70_form.php | AB134: 1970 | AC134: 1975 | AD134: 1980 | AE134: 1985 | AF134: 1990 | AG134: 1995 | AH134: 2000 | AI134: 2005 | AJ134: 2010 | AK134: 2015 | AL134: 2020 | AM134: 2025 | AN134: 2030 | AO134: 2035 | AP134: 2040 | AQ134: 2045 | AR134: 2050
A135: Investimento | B135: 2.0780849 | C135: 2.1789506 | D135: 2.6125592 | E135: 2.6664299 | F135: 3.7959107 | G135: 3.96885 | H135: 4.6168557 | I135: 5.0113084 | J135: 4.6368574 | K135: =K134*K137/100 -> 5.149985 | L135: =L134*L137/100 -> 5.9908551 | M135: =M134*M137/100 -> 6.685951 | N135: =N134*N137/100 -> 7.2077531 | O135: =O134*O137/100 -> 7.5833977 | P135: =P134*P137/100 -> 7.8336641 | Q135: =Q134*Q137/100 -> 8.1748367 | R135: =R134*R137/100 -> 8.5023866 | S135: T$ / ano | U135: Último acesso em 12 de abril de 2012. | AA135: =CONCATENATE(A96," (0 - ",W155," T$ / yr)") -> PIB da OCDE excluindo os EUA (0 - 28 trilhões de dólares/ano) | AB135: =B134/$W155 -> 0.28786258 | AC135: =C134/$W155 -> 0.34443468 | AD135: =D134/$W155 -> 0.40916152 | AE135: =E134/$W155 -> 0.45059579 | AF135: =F134/$W155 -> 0.55187784 | AG135: =G134/$W155 -> 0.60560821 | AH135: =H134/$W155 -> 0.69206279 | AI135: =I134/$W155 -> 0.76590819 | ... AR135: =R134/$W155 -> 0.85045248
A136: Consumo | B136: =B134-B135 -> 5.9820675 | C136: =C134-C135 -> 7.4652205 | D136: =D134-D135 -> 8.8439634 | E136: =E134-E135 -> 9.9502522 | F136: =F134-F135 -> 11.656669 | G136: =G134-G135 -> 12.98818 | H136: =H134-H135 -> 14.760902 | I136: =I134-I135 -> 16.434121 | ... R136: =R134-R135 -> 15.310283 | S136: T$ / ano | AA136: =CONCATENATE(A137," (0 - ",W156,"% /yr)") -> Percentagem de investimento (0 - 40%/ano) | AB136: =B137/$W$156 -> 0.64455509 | AC136: =C137/$W$156 -> 0.56483616 | AD136: =D137/$W$156 -> 0.57010301 | AE136: =E137/$W$156 -> 0.52835403 | AF136: =F137/$W$156 -> 0.61412249 | AG136: =G137/$W$156 -> 0.58513343 | AH136: =H137/$W$156 -> 0.59563853 | AI136: =I137/$W$156 -> 0.58419306 | ... AR136: =R137/$W$156 -> 0.89263266
A137: % de participação no investimento | B137: =B135/B134*100 -> 25.782203 | C137: =C135/C134*100 -> 22.593446 | D137: =D135/D134*100 -> 22.804121 | E137: =E135/E134*100 -> 21.134161 | F137: =F135/F134*100 -> 24.5649 | G137: =G135/G134*100 -> 23.405337 | H137: =H135/H134*100 -> 23.825541 | I137: =I135/I134*100 -> 23.367722 | J137: =J135/J134*100 -> 21.056389 | K137: =SUM(K138:K141) -> 22.042292 | L137: =SUM(L138:L141) -> 24.444219 | M137: =SUM(M138:M141) -> 26.258164 | N137: =SUM(N138:N141) -> 27.968623 | O137: =SUM(O138:O141) -> 29.601467 | P137: =SUM(P138:P141) -> 31.1761 | Q137: =SUM(Q138:Q141) -> 33.307075 | R137: =SUM(R138:R141) -> 35.705307 | S137: % por ano | AA137: =CONCATENATE(A136," (0 - ",W157, " T$ / yr)") -> Consumo (0 - 28 T$ / ano) | AB137: =B136/$W$157 -> 0.21364527 | AC137: =C136/$W$157 -> 0.26661502 | AD137: =D136/$W$157 -> 0.31585584 | AE137: =E136/$W$157 -> 0.35536615 | AF137: =F136/$W$157 -> 0.41630961 | AG137: =G136/$W$157 -> 0.46386356 | AH137: =H136/$W$157 -> 0.52717508 | AI137: =I136/$W$157 -> 0.58693289 | ... AR137: =R136/$W$157 -> 0.54679582
A138: Participação no investimento do ano passado mais variação percentual na taxa de investimento normal | K138: =J137 -> 21.056389 | L138: =K138+K141 -> 21.792292 | M138: =L138+L141 -> 22.344219 | N138: =M138+M141 -> 22.758164 | O138: =N138+N141 -> 23.068623 | P138: =O138+O141 -> 23.301467 | Q138: =P138+P141 -> 23.4761 | R138: =Q138+Q141 -> 23.607075 | S138: % por ano | AA138: =CONCATENATE("normal + norm change inv."," (0 - ",W156,"% /yr)") -> normal + mudança normal inv. (0 - 40% /ano) | AK138: =(K138+K141)/$W$156 -> 0.54480729 | AL138: =(L138+L141)/$W$156 -> 0.55860547 | AM138: =(M138+M141)/$W$156 -> 0.5689541 | AN138: =(N138+N141)/$W$156 -> 0.57671558 | AO138: =(O138+O141)/$W$156 -> 0.58253668 | AP138: =(P138+P141)/$W$156 -> 0.58690251 | AQ138: =(Q138+Q141)/$W$156 -> 0.59017688 | AR138: =(R138+R141)/$W$156 -> 0.59263266
A139: % investimento voluntário | K139: 0.1 | L139: 1.3 | M139: 2 | N139: 2.7 | O139: 3.4 | P139: 4.1 | Q139: 5 | R139: 6 | S139: % por ano | AA139: =CONCATENATE("normal + voluntary inv."," (0 - ",W156,"% /yr)") -> Inventário normal + voluntário (0 - 40% /ano) | AK139: =(K138+K141+K139)/$W$156 -> 0.54730729 | AL139: =(L138+L141+L139)/$W$156 -> 0.59110547 | AM139: =(M138+M141+M139)/$W$156 -> 0.6189541 | AN139: =(N138+N141+N139)/$W$156 -> 0.64421558 | AO139: =(O138+O141+O139)/$W$156 -> 0.66753668 | AP139: =(P138+P141+P139)/$W$156 -> 0.68940251 | AQ139: =(Q138+Q141+Q139)/$W$156 -> 0.71517688 | AR139: =(R138+R141+R139)/$W$156 -> 0.74263266
A140: % investimento forçado | K140: 0.15 | L140: 0.8 | M140: 1.5 | N140: 2.2 | O140: 2.9 | P140: 3.6 | Q140: 4.7 | R140: 6 | S140: % por ano | AA140: =CONCATENATE("normal + voluntary + forced inv."," (0 - ",W156,"% /yr)") -> Inventário normal + voluntário + forçado (0 - 40% /ano) | AK140: =(K138+K139+K140+K141)/$W$156 -> 0.55105729 | AL140: =(L138+L139+L140+L141)/$W$156 -> 0.61110547 | AM140: =(M138+M139+M140+M141)/$W$156 -> 0.6564541 | AN140: =(N138+N139+N140+N141)/$W$156 -> 0.69921558 | AO140: =(O138+O139+O140+O141)/$W$156 -> 0.74003668 | AP140: =(P138+P139+P140+P141)/$W$156 -> 0.77940251 | AQ140: =(Q138+Q139+Q140+Q141)/$W$156 -> 0.83267688 | AR140: =(R138+R139+R140+R141)/$W$156 -> 0.89263266
A141: Variação percentual na taxa de investimento normal | K141: =5*(24 - K$138)/20 -> 0.73590276 | L141: =5*(24 - L$138)/20 -> 0.55192707 | M141: =5*(24 - M$138)/20 -> 0.4139453 | N141: =5*(24 - N$138)/20 -> 0.31045898 | O141: =5*(24 - O$138)/20 -> 0.23284423 | P141: =5*(24 - P$138)/20 -> 0.17463317 | Q141: =5*(24 - Q$138)/20 -> 0.13097488 | R141: =5*(24 - R$138)/20 -> 0.09823116 | S141: % por ano | AA141: investimento sem ajuste à norma mundial | AK141: =K138*K$134/100 -> 4.9196376 | AL141: =L138*L$134/100 -> 5.3409136 | AM141: =M138*M$134/100 -> 5.6893678 | AN141: =N138*N$134/100 -> 5.8649733 | AO141: =O138*O$134/100 -> 5.909793 | AP141: =P138*P$134/100 -> 5.8549936 | AQ141: =Q138*Q$134/100 -> 5.7619376 | AR141: =R138*R$134/100 -> 5.6214748
A142: Sua previsão
...

Sheet  BRISE
A1: =SumWorld!A1 -> Prezado(a) usuário(a): Esta é a versão de 7 de novembro de 2014, às 11h, da planilha de 2052 de Ulrich Goluke (2052@blue-way.net)
A2: =SumWorld!A2 -> Prezado(a) usuário(a): O lado esquerdo desta planilha contém os dados numéricos e os gráficos que você também encontra no livro de 2052. | U2: =SumWorld!U2 -> Prezado(a) usuário(a): Os cálculos nesta parte à direita da planilha garantem o dimensionamento correto dos gráficos.
U3: =SumWorld!U3 -> Contém também a fonte dos dados históricos.
I4: Código de cores | J4: Dados históricos | M4: Sua previsão
A5: BRISE | J5: Previsão de Randers | M5: Calculado a partir da sua previsão.
J6: Valores calculados | M6: Suas próprias células de referência
A7: =CONCATENATE("Graph 1. Population - ",A5," 1970 to 2050") -> Gráfico 1. População - BRISE 1970 a 2050
B8: 1970 | C8: 1975 | D8: 1980 | E8: 1985 | F8: 1990 | G8: 1995 | H8: 2000 | I8: 2005 | J8: 2010 | K8: 2015 | L8: 2020 | M8: 2025 | N8: 2030 | O8: 2035 | P8: 2040 | Q8: 2045 | R8: 2050 | S8: Unidades
A9: População, BRISE | B9: 1206.7983 | C9: 1344.3765 | D9: 1496.2993 | E9: 1661.9837 | F9: 1830.4117 | G9: 1986.892 | H9: 2134.2957 | I9: 2275.4979 | J9: 2411.931 | K9: =J9+(J10-J11)*5 -> 2521.9526 | L9: =K9+(K10-K11)*5 -> 2609.3336 | M9: =L9+(L10-L11)*5 -> 2678.4969 | N9: =M9+(M10-M11)*5 -> 2724.7967 | O9: =N9+(N10-N11)*5 -> 2751.4596 | P9: =O9+(O10-O11)*5 -> 2755.7626 | Q9: =P9+(P10-P11)*5 -> 2735.925 | R9: =Q9+(Q10-Q11)*5 -> 2695.2035 | S9: Deputado | U9: A tabela original foi baixada de http://esa.un.org/unpd/wpp/Excel-Data/DB03_Population_ByAgeSex_Quinquennial/WPP2010_DB3_F1_POPULATION_BY_AGE_BOTH_SEXES.XLS
A10: Nascimentos, BRISE | B10: 42.291032 | C10: 45.193874 | D10: 47.81578 | E10: 48.598529 | F10: 47.412844 | G10: 45.748274 | H10: 45.302026 | I10: 45.13372 | J10: =J9*J12/100 -> 41.002828 | K10: =K9*K12/100 -> 37.829289 | L10: =L9*L12/100 -> 35.226004 | M10: =M9*M12/100 -> 32.141963 | N10: =N9*N12/100 -> 29.972764 | O10: =O9*O12/100 -> 27.514596 | P10: =P9*P12/100 -> 24.801864 | Q10: =Q9*Q12/100 -> 22.708178 | R10: =R9*R12/100 -> 20.214026 | S10: Mp/ano | U10: Último acesso em 11 de abril de 2012
A11: Mortes, BRISE | B11: 16.383585 | C11: 16.239845 | D11: 16.691314 | E11: 16.670833 | F11: 17.284284 | G11: 17.795354 | H11: 18.485538 | I11: 18.863748 | J11: =J9*J13/100 -> 18.998511 | K11: =K9*K13/100 -> 20.353093 | L11: =L9*L13/100 -> 21.393342 | M11: =M9*M13/100 -> 22.882007 | N11: =N9*N13/100 -> 24.640181 | O11: =O9*O13/100 -> 26.653993 | P11: =P9*P13/100 -> 28.769385 | Q11: =Q9*Q13/100 -> 30.852479 | R11: =R9*R13/100 -> 32.847473 | S11: Mp/ano | U11: Para valores futuros, foi utilizada a variante BAIXA.
A12: taxa bruta de natalidade | B12: =B10/B9*100 -> 3.5043992 | C12: =C10/C9*100 -> 3.3616978 | D12: =D10/D9*100 -> 3.1956026 | E12: =E10/E9*100 -> 2.9241279 | F12: =F10/F9*100 -> 2.5902831 | G12: =G10/G9*100 -> 2.3025043 | H12: =H10/H9*100 -> 2.1225749 | I12: =I10/I9*100 -> 1.9834657 | J12: 1.7 | K12: 1.5 | L12: 1.35 | M12: 1.2 | N12: 1.1 | O12: 1 | P12: 0.9 | Q12: 0.83 | R12: 0.75 | S12: % por ano
A13: taxa bruta de mortalidade | B13: =B11/B9*100 -> 1.3576075 | C13: =C11/C9*100 -> 1.2079835 | D13: =D11/D9*100 -> 1.1155064 | E13: =E11/E9*100 -> 1.0030684 | F13: =F11/F9*100 -> 0.94428399 | G13: =G11/G9*100 -> 0.89563768 | H13: =H11/H9*100 -> 0.86611888 | I13: =I11/I9*100 -> 0.82899431 | J13: 0.78768882 | K13: 0.80703709 | L13: 0.81987762 | M13: 0.85428536 | N13: 0.9042943 | O13: 0.96872193 | P13: 1.0439718 | Q13: 1.12768 | R13: 1.2187381 | S13: % por ano
A14: Sua previsão
G15: taxa bruta de natalidade | I15: Sua previsão | J15: =J12 -> 1.7 | K15: =K12*0.98 -> 1.47 | L15: =L12*0.98 -> 1.323 | M15: =M12*0.98 -> 1.176 | N15: =N12*0.98 -> 1.078 | O15: =O12*0.98 -> 0.98 | P15: =P12*0.98 -> 0.882 | Q15: =Q12*0.98 -> 0.8134 | R15: =R12*0.98 -> 0.735 | S15: % por ano
G16: taxa bruta de mortalidade | I16: Sua previsão | J16: =J13 -> 0.78768882 | K16: =K13*0.98 -> 0.79089635 | L16: =L13*0.98 -> 0.80348007 | M16: =M13*0.98 -> 0.83719965 | N16: =N13*0.98 -> 0.88620842 | O16: =O13*0.98 -> 0.94934749 | P16: =P13*0.98 -> 1.0230924 | Q16: =Q13*0.98 -> 1.1051264 | R16: =R13*0.98 -> 1.1943634 | S16: % por ano
I17: População, BRISE | K17: =J9+(J18-J19)*5 -> 2521.9526 | L17: =K17+(K18-K19)*5 -> 2607.586 | M17: =L17+(L18-L19)*5 -> 2675.3206 | N17: =M17+(M18-M19)*5 -> 2720.6406 | O17: =N17+(N18-N19)*5 -> 2746.7304 | P17: =O17+(O18-O19)*5 -> 2750.9401 | Q17: =P17+(P18-P19)*5 -> 2731.5333 | R17: =Q17+(Q18-Q19)*5 -> 2691.6903 | S17: Deputado
I18: Nascimentos, BRISE | J18: =J9*J15/100 -> 41.002828 | K18: =K17*K15/100 -> 37.072704 | L18: =L17*L15/100 -> 34.498363 | M18: =M17*M15/100 -> 31.461771 | N18: =N17*N15/100 -> 29.328506 | O18: =O17*O15/100 -> 26.917958 | P18: =P17*P15/100 -> 24.263292 | Q18: =Q17*Q15/100 -> 22.218292 | R18: =R17*R15/100 -> 19.783923 | S18: Mp/ano
I19: Mortes, BRISE | J19: =J9*J16/100 -> 18.998511 | K19: =K17*K16/100 -> 19.946031 | L19: =L17*L16/100 -> 20.951434 | M19: =M17*M16/100 -> 22.397775 | N19: =N17*N16/100 -> 24.110546 | O19: =O17*O16/100 -> 26.076016 | P19: =P17*P16/100 -> 28.144658 | Q19: =Q17*Q16/100 -> 30.186896 | R19: =R17*R16/100 -> 32.148562 | S19: Mp/ano
A20: Apenas para fins informativos
A21: Previsão baixa da população da ONU | K21: 2429.8168 | L21: 2507.2307 | M21: 2561.2722 | N21: 2599.8554 | O21: 2620.2185 | P21: 2619.072 | Q21: 2595.2994 | R21: 2550.3438 | S21: Deputado
A22: Nascimentos: baixa previsão da ONU | J22: 39.199335 | K22: 34.579519 | L22: 30.792424 | M22: 29.056215 | N22: 27.088792 | O22: 24.701367 | P22: 22.154044 | Q22: 19.860383 | R22: 18.045262 | S22: Mp/ano
A23: Mortes: previsão baixa da ONU | J23: 18.998511 | K23: 19.609523 | L23: 20.556223 | M23: 21.880573 | N23: 23.510344 | O23: 25.382631 | P23: 27.342373 | Q23: 29.266672 | R23: 31.082012 | S23: Mp/ano
A24: Baixa taxa de natalidade da ONU | J24: =J22/J9*100 -> 1.6252262 | K24: =K22/K21*100 -> 1.4231328 | L24: =L22/L21*100 -> 1.2281448 | M24: =M22/M21*100 -> 1.1344446 | N24: =N22/N21*100 -> 1.0419345 | O24: =O22/O21*100 -> 0.94272165 | P24: =P22/P21*100 -> 0.8458738 | Q24: =Q22/Q21*100 -> 0.76524438 | R24: =R22/R21*100 -> 0.70756192 | S24: % por ano
A25: Baixa taxa de mortalidade da ONU | J25: =J23/J9*100 -> 0.78768882 | K25: =K23/K21*100 -> 0.80703709 | L25: =L23/L21*100 -> 0.81987762 | M25: =M23/M21*100 -> 0.85428536 | N25: =N23/N21*100 -> 0.9042943 | O25: =O23/O21*100 -> 0.96872193 | P25: =P23/P21*100 -> 1.0439718 | Q25: =Q23/Q21*100 -> 1.12768 | R25: =R23/R21*100 -> 1.2187381 | S25: % por ano | X25: Prezado(a) usuário(a): Utilize a tabela amarela abaixo para definir o valor máximo nos eixos verticais do gráfico.
E26: Para taxas: o valor inserido no ano n é o valor médio anual entre n e n+5. | V26: Valor máximo no eixo vertical | AA26: Cálculos realizados para ajustar todas as variáveis para valores entre 0 e 1.
U27: Para o gráfico à esquerda, nomes das variáveis (unidade) | V27: nos gráficos originais de Randers | W27: Na sua previsão | AB27: 1970 | AC27: 1975 | AD27: 1980 | AE27: 1985 | AF27: 1990 | AG27: 1995 | AH27: 2000 | AI27: 2005 | AJ27: 2010 | AK27: 2015 | AL27: 2020 | AM27: 2025 | AN27: 2030 | AO27: 2035 | AP27: 2040 | AQ27: 2045 | AR27: 2050
U28: =AA28 -> População, BRISE (0 - 3 Gp) | V28: 3000 | W28: =W38 -> 3000 | AA28: =CONCATENATE(A9," (0 - ",W28/1000," Gp)") -> População, BRISE (0 - 3 Gp) | AB28: =B9/$W28 -> 0.40226611 | AC28: =C9/$W28 -> 0.44812549 | AD28: =D9/$W28 -> 0.49876645 | AE28: =E9/$W28 -> 0.55399457 | AF28: =F9/$W28 -> 0.61013723 | AG28: =G9/$W28 -> 0.66229734 | AH28: =H9/$W28 -> 0.7114319 | AI28: =I9/$W28 -> 0.75849929 | ... AR28: =R9/$W28 -> 0.89840117
U29: =AA29 -> Nascimentos, BRISE (0 - 50 milhões/ano) | V29: 50 | W29: =W39 -> 50 | AA29: =CONCATENATE(A10," (0 - ",W29," Mp / yr)") -> Nascimentos, BRISE (0 - 50 milhões/ano) | AB29: =B10/$W29 -> 0.84582063 | AC29: =C10/$W29 -> 0.90387748 | AD29: =D10/$W29 -> 0.95631561 | AE29: =E10/$W29 -> 0.97197058 | AF29: =F10/$W29 -> 0.94825688 | AG29: =G10/$W29 -> 0.91496548 | AH29: =H10/$W29 -> 0.90604052 | AI29: =I10/$W29 -> 0.90267439 | ... AR29: =R10/$W29 -> 0.40428053
U30: =AA30 -> Mortes, BRISE (0 - 35 milhões/ano) | V30: 35 | W30: =W40 -> 35 | AA30: =CONCATENATE(A11," (0 - ",W30," Mp / yr)") -> Mortes, BRISE (0 - 35 milhões/ano) | AB30: =B11/$W30 -> 0.46810243 | AC30: =C11/$W30 -> 0.46399558 | AD30: =D11/$W30 -> 0.4768947 | AE30: =E11/$W30 -> 0.47630951 | AF30: =F11/$W30 -> 0.4938367 | AG30: =G11/$W30 -> 0.50843867 | AH30: =H11/$W30 -> 0.52815823 | AI30: =I11/$W30 -> 0.53896422 | ... AR30: =R11/$W30 -> 0.93849922
U31: =AA31 -> Taxa bruta de natalidade (0 - 4 % / ano) | V31: 4 | W31: =W41 -> 4 | AA31: =CONCATENATE(A12," (0 - ",W31," % / yr)") -> Taxa bruta de natalidade (0 - 4 % / ano) | AB31: =B12/$W31 -> 0.87609981 | AC31: =C12/$W31 -> 0.84042444 | AD31: =D12/$W31 -> 0.79890064 | AE31: =E12/$W31 -> 0.73103197 | AF31: =F12/$W31 -> 0.64757077 | AG31: =G12/$W31 -> 0.57562608 | AH31: =H12/$W31 -> 0.53064374 | AI31: =I12/$W31 -> 0.49586642 | ... AR31: =R12/$W31 -> 0.1875
U32: =AA32 -> Taxa bruta de mortalidade (0 - 2 % / ano) | V32: 2 | W32: =W42 -> 2 | AA32: =CONCATENATE(A13," (0 - ",W32," % / yr)") -> Taxa bruta de mortalidade (0 - 2 % / ano) | AB32: =B13/$W32 -> 0.67880377 | AC32: =C13/$W32 -> 0.60399173 | AD32: =D13/$W32 -> 0.55775318 | AE32: =E13/$W32 -> 0.50153419 | AF32: =F13/$W32 -> 0.47214199 | AG32: =G13/$W32 -> 0.44781884 | AH32: =H13/$W32 -> 0.43305944 | AI32: =I13/$W32 -> 0.41449715 | ... AR32: =R13/$W32 -> 0.60936906
U33: =AA33 -> Previsão de baixa populacional da ONU (0 - 3 Gp) | W33: =W28 -> 3000 | AA33: =CONCATENATE(A21," (0 - ",W33/1000," Gp)") -> Previsão de baixa populacional da ONU (0 - 3 Gp) | AK33: =K21/$W33 -> 0.80993894 | AL33: =L21/$W33 -> 0.83574356 | AM33: =M21/$W33 -> 0.85375739 | AN33: =N21/$W33 -> 0.86661847 | AO33: =O21/$W33 -> 0.87340617 | AP33: =P21/$W33 -> 0.87302399 | AQ33: =Q21/$W33 -> 0.86509979 | AR33: =R21/$W33 -> 0.85011461
U34: =AA34 -> Nascimentos: Previsão baixa da ONU (0 - 50 milhões/ano) | W34: =W29 -> 50 | AA34: =CONCATENATE(A22," (0 - ",W34," Mp / yr)") -> Nascimentos: Previsão baixa da ONU (0 - 50 milhões/ano) | AJ34: =J22/$W34 -> 0.7839867 | AK34: =K22/$W34 -> 0.69159038 | AL34: =L22/$W34 -> 0.61584849 | AM34: =M22/$W34 -> 0.58112429 | AN34: =N22/$W34 -> 0.54177583 | AO34: =O22/$W34 -> 0.49402734 | AP34: =P22/$W34 -> 0.44308087 | AQ34: =Q22/$W34 -> 0.39720765 | AR34: =R22/$W34 -> 0.36090524
U35: =AA35 -> Mortes: Previsão baixa da ONU (0 - 35 milhões/ano) | W35: =W30 -> 35 | AA35: =CONCATENATE(A23," (0 - ",W35," Mp / yr)") -> Mortes: Previsão baixa da ONU (0 - 35 milhões/ano) | AJ35: =J23/$W35 -> 0.54281461 | AK35: =K23/$W35 -> 0.56027208 | AL35: =L23/$W35 -> 0.58732067 | AM35: =M23/$W35 -> 0.62515923 | AN35: =N23/$W35 -> 0.67172412 | AO35: =O23/$W35 -> 0.72521804 | AP35: =P23/$W35 -> 0.78121065 | AQ35: =Q23/$W35 -> 0.83619063 | AR35: =R23/$W35 -> 0.8880575
U36: =AA36 -> Baixa taxa de natalidade da ONU (0 - 4% / ano) | W36: =W31 -> 4 | AA36: =CONCATENATE(A24," (0 - ",W36," % / yr)") -> Baixa taxa de natalidade da ONU (0 - 4% / ano) | AJ36: =J24/$W36 -> 0.40630655 | AK36: =K24/$W36 -> 0.35578319 | AL36: =L24/$W36 -> 0.30703621 | AM36: =M24/$W36 -> 0.28361116 | AN36: =N24/$W36 -> 0.26048364 | AO36: =O24/$W36 -> 0.23568041 | AP36: =P24/$W36 -> 0.21146845 | AQ36: =Q24/$W36 -> 0.1913111 | AR36: =R24/$W36 -> 0.17689048
U37: =AA37 -> Baixa taxa de mortalidade da ONU (0 - 2% / ano) | W37: =W32 -> 2 | AA37: =CONCATENATE(A25," (0 - ",W37," % / yr)") -> Baixa taxa de mortalidade da ONU (0 - 2% / ano) | AJ37: =J25/$W37 -> 0.39384441 | AK37: =K25/$W37 -> 0.40351854 | AL37: =L25/$W37 -> 0.40993881 | AM37: =M25/$W37 -> 0.42714268 | AN37: =N25/$W37 -> 0.45214715 | AO37: =O25/$W37 -> 0.48436097 | AP37: =P25/$W37 -> 0.5219859 | AQ37: =Q25/$W37 -> 0.56384 | AR37: =R25/$W37 -> 0.60936906
U38: =AA38 -> População, BRISE Sua previsão (0 - 3 Gp) | W38: 3000 | AA38: =CONCATENATE(A9," Your forecast (0 - ",W38/1000," Gp)") -> População, BRISE Sua previsão (0 - 3 Gp) | AK38: =K17/$W38 -> 0.84065088 | AL38: =L17/$W38 -> 0.86919533 | AM38: =M17/$W38 -> 0.89177354 | AN38: =N17/$W38 -> 0.9068802 | AO38: =O17/$W38 -> 0.9155768 | AP38: =P17/$W38 -> 0.91698004 | AQ38: =Q17/$W38 -> 0.9105111 | AR38: =R17/$W38 -> 0.89723009
U39: =AA39 -> Nascimentos, BRISE Sua previsão (0 - 50 milhões/ano) | W39: 50 | AA39: =CONCATENATE(A10," Your forecast (0 - ",W39," Mp / yr)") -> Nascimentos, BRISE Sua previsão (0 - 50 milhões/ano) | AJ39: =J18/$W39 -> 0.82005655 | AK39: =K18/$W39 -> 0.74145407 | AL39: =L18/$W39 -> 0.68996725 | AM39: =M18/$W39 -> 0.62923541 | AN39: =N18/$W39 -> 0.58657012 | AO39: =O18/$W39 -> 0.53835916 | AP39: =P18/$W39 -> 0.48526584 | AQ39: =Q18/$W39 -> 0.44436584 | AR39: =R18/$W39 -> 0.39567847
U40: =AA40 -> Mortes, BRISE Sua previsão (0 - 35 milhões/ano) | W40: 35 | AA40: =CONCATENATE(A11," Your forecast (0 - ",W40," Mp / yr)") -> Mortes, BRISE Sua previsão (0 - 35 milhões/ano) | AJ40: =J19/$W40 -> 0.54281461 | AK40: =K19/$W40 -> 0.56988661 | AL40: =L19/$W40 -> 0.59861239 | AM40: =M19/$W40 -> 0.63993643 | AN40: =N19/$W40 -> 0.68887274 | AO40: =O19/$W40 -> 0.74502904 | AP40: =P19/$W40 -> 0.8041331 | AQ40: =Q19/$W40 -> 0.86248273 | AR40: =R19/$W40 -> 0.91853035
U41: =AA41 -> Taxa bruta de natalidade: Sua previsão (0 - 4%/ano) | W41: 4 | AA41: =CONCATENATE(A12," Your forecast (0 - ",W41," % / yr)") -> Taxa bruta de natalidade: Sua previsão (0 - 4%/ano) | AJ41: =J15/$W41 -> 0.425 | AK41: =K15/$W41 -> 0.3675 | AL41: =L15/$W41 -> 0.33075 | AM41: =M15/$W41 -> 0.294 | AN41: =N15/$W41 -> 0.2695 | AO41: =O15/$W41 -> 0.245 | AP41: =P15/$W41 -> 0.2205 | AQ41: =Q15/$W41 -> 0.20335 | AR41: =R15/$W41 -> 0.18375
U42: =AA42 -> Taxa bruta de mortalidade: Sua previsão (0 - 2%/ano) | W42: 2 | AA42: =CONCATENATE(A13," Your forecast (0 - ",W42," % / yr)") -> Taxa bruta de mortalidade: Sua previsão (0 - 2%/ano) | AJ42: =J16/$W42 -> 0.39384441 | AK42: =K16/$W42 -> 0.39544817 | AL42: =L16/$W42 -> 0.40174004 | AM42: =M16/$W42 -> 0.41859983 | AN42: =N16/$W42 -> 0.44310421 | AO42: =O16/$W42 -> 0.47467375 | AP42: =P16/$W42 -> 0.51154618 | AQ42: =Q16/$W42 -> 0.5525632 | AR42: =R16/$W42 -> 0.59718168
A52: Gráfico 2
A53: =CONCATENATE(A52,". Potential Work Force - ",A5," 1970 to 2050") -> Gráfico 2. Força de Trabalho Potencial - BRISE 1970 a 2050
B54: 1970 | C54: 1975 | D54: 1980 | E54: 1985 | F54: 1990 | G54: 1995 | H54: 2000 | I54: 2005 | J54: 2010 | K54: 2015 | L54: 2020 | M54: 2025 | N54: 2030 | O54: 2035 | P54: 2040 | Q54: 2045 | R54: 2050 | S54: Unidades
A55: População, BRISE | B55: =B9 -> 1206.7983 | C55: =C9 -> 1344.3765 | D55: =D9 -> 1496.2993 | E55: =E9 -> 1661.9837 | F55: =F9 -> 1830.4117 | G55: =G9 -> 1986.892 | H55: =H9 -> 2134.2957 | I55: =I9 -> 2275.4979 | ... R55: =R9 -> 2695.2035 | S55: Deputado | U55: A tabela original foi baixada de http://esa.un.org/unpd/wpp/Excel-Data/DB03_Population_ByAgeSex_Quinquennial/WPP2010_DB3_F1_POPULATION_BY_AGE_BOTH_SEXES.XLS
A56: Pessoas BRISE com idades entre 15 e 64 anos | B56: 678.96036 | C56: 766.9576 | D56: 864.33489 | E56: 972.75705 | F56: 1088.3105 | G56: 1208.5989 | H56: 1342.3651 | I56: 1474.2693 | J56: 1600.3735 | K56: =K57 -> 1646.5188 | L56: =L57 -> 1735.2 | M56: =M57 -> 1813.2161 | N56: =N57 -> 1853.8947 | O56: =O57 -> 1864.5908 | P56: =P57 -> 1845.0082 | Q56: =Q57 -> 1801.9235 | R56: =R57 -> 1735.2969 | S56: Deputado | U56: Último acesso em 11 de abril de 2012
A57: Insira a faixa etária de 15 a 64 anos diretamente. | K57: 1646.5188 | L57: 1735.2 | M57: 1813.2161 | N57: 1853.8947 | O57: 1864.5908 | P57: 1845.0082 | Q57: 1801.9235 | R57: 1735.2969 | S57: Deputado | U57: Para valores futuros, foi utilizada a variante BAIXA.
A58: Faixa etária de 15 a 65 anos como porcentagem da população total | B58: =B56/B55*100 -> 56.261294 | C58: =C56/C55*100 -> 57.049317 | D58: =D56/D55*100 -> 57.764838 | E58: =E56/E55*100 -> 58.529879 | F58: =F56/F55*100 -> 59.457143 | G58: =G56/G55*100 -> 60.828615 | H58: =H56/H55*100 -> 62.894994 | I58: =I56/I55*100 -> 64.788868 | ... R58: =R56/R55*100 -> 64.384634 | S58: %
A59: ônus de suporte (população/idade 15-64) | B59: =B55/B56 -> 1.7774209 | C59: =C55/C56 -> 1.7528694 | D59: =D55/D56 -> 1.7311569 | E59: =E55/E56 -> 1.7085291 | F59: =F55/F56 -> 1.6818837 | G59: =G55/G56 -> 1.6439631 | H59: =H55/H56 -> 1.5899517 | I59: =I55/I56 -> 1.543475 | ... R59: =R55/R56 -> 1.5531656 | S59: Mp / Mp
A60: Sua previsão
H61: Insira a faixa etária de 15 a 64 anos diretamente. | J61: Sua previsão | K61: =K57 -> 1646.5188 | L61: =L57*0.98 -> 1700.496 | M61: =M57*0.98 -> 1776.9517 | N61: =N57*0.98 -> 1816.8168 | O61: =O57*0.98 -> 1827.299 | P61: =P57*0.98 -> 1808.108 | Q61: =Q57*0.98 -> 1765.8851 | R61: =R57*0.98 -> 1700.591 | S61: Deputado
J62: Faixa etária de 15 a 65 anos como porcentagem da população total | K62: =K61/K17*100 -> 65.287459 | L62: =L61/L17*100 -> 65.213419 | M62: =M61/M17*100 -> 66.420141 | N62: =N61/N17*100 -> 66.779009 | O62: =O61/O17*100 -> 66.526332 | P62: =P61/P17*100 -> 65.726913 | Q62: =Q61/Q17*100 -> 64.648126 | R62: =R61/R17*100 -> 63.179297 | S62: %
J63: ônus de suporte (população/idade 15-64) | K63: =K17/K61 -> 1.5316877 | L63: =L17/L61 -> 1.5334267 | M63: =M17/M61 -> 1.5055674 | N63: =N17/N61 -> 1.4974765 | O63: =O17/O61 -> 1.5031642 | P63: =P17/P61 -> 1.5214468 | Q63: =Q17/Q61 -> 1.5468353 | R63: =R17/R61 -> 1.582797 | S63: Mp / Mp
A64: Apenas para fins informativos
A65: Pessoas ONU Previsão Baixa (Mp) | K65: =K21 -> 2429.8168 | L65: =L21 -> 2507.2307 | M65: =M21 -> 2561.2722 | N65: =N21 -> 2599.8554 | O65: =O21 -> 2620.2185 | P65: =P21 -> 2619.072 | Q65: =Q21 -> 2595.2994 | R65: =R21 -> 2550.3438 | S65: Deputado
A66: Pessoas BRISE Idade 15-64 Previsão Baixa da ONU (Mp) | K66: 1646.5188 | L66: 1735.2 | M66: 1813.2161 | N66: 1853.8947 | O66: 1864.5908 | P66: 1845.0082 | Q66: 1801.9235 | R66: 1735.2969 | S66: Deputado
A67: Sobrecarga de apoio ONU Baixa (população/idade 15-64) | K67: =K65/K66 -> 1.4757298 | L67: =L65/L66 -> 1.4449232 | M67: =M65/M66 -> 1.4125576 | N67: =N65/N66 -> 1.4023749 | O67: =O65/O66 -> 1.4052512 | P67: =P65/P66 -> 1.4195449 | Q67: =Q65/Q66 -> 1.4402938 | R67: =R65/R66 -> 1.4696873 | S67: Mp / Mp | X67: Prezado(a) usuário(a): Utilize a tabela amarela abaixo para definir o valor máximo nos eixos verticais do gráfico.
V68: Valor máximo no eixo vertical | AA68: =AA26 -> Cálculos realizados para ajustar todas as variáveis para valores entre 0 e 1.
U69: Para o gráfico à esquerda, nomes das variáveis (unidade) | V69: nos gráficos originais de Randers | W69: Na sua previsão | AB69: 1970 | AC69: 1975 | AD69: 1980 | AE69: 1985 | AF69: 1990 | AG69: 1995 | AH69: 2000 | AI69: 2005 | AJ69: 2010 | AK69: 2015 | AL69: 2020 | AM69: 2025 | AN69: 2030 | AO69: 2035 | AP69: 2040 | AQ69: 2045 | AR69: 2050
U70: =AA71 -> Pessoas BRISE Idade 15-64 (0 - 2 Gp) | V70: 2000 | W70: =W74 -> 2000 | AA70: =CONCATENATE(A55," (0 - ",V28/1000," Gp)") -> População, BRISE (0 - 3 Gp) | AB70: =B55/$V28 -> 0.40226611 | AC70: =C55/$V28 -> 0.44812549 | AD70: =D55/$V28 -> 0.49876645 | AE70: =E55/$V28 -> 0.55399457 | AF70: =F55/$V28 -> 0.61013723 | AG70: =G55/$V28 -> 0.66229734 | AH70: =H55/$V28 -> 0.7114319 | AI70: =I55/$V28 -> 0.75849929 | ... AR70: =R55/$V28 -> 0.89840117
U71: =AA72 -> Sobrecarga de apoio (população/idade 15-64) (0 - 1,8) | V71: 1.8 | W71: =W75 -> 1.8 | AA71: =CONCATENATE(A56," (0 - ",W70/1000," Gp)") -> Pessoas BRISE Idade 15-64 (0 - 2 Gp) | AB71: =B56/$W70 -> 0.33948018 | AC71: =C56/$W70 -> 0.3834788 | AD71: =D56/$W70 -> 0.43216745 | AE71: =E56/$W70 -> 0.48637853 | AF71: =F56/$W70 -> 0.54415524 | AG71: =G56/$W70 -> 0.60429945 | AH71: =H56/$W70 -> 0.67118257 | AI71: =I56/$W70 -> 0.73713466 | ... AR71: =R56/$W70 -> 0.86764846
U72: =AA73 -> Pessoas BRISE Idade 15-64 Previsão Baixa da ONU (Mp) (0 - 2 Gp) | W72: =W70 -> 2000 | AA72: =CONCATENATE(A59," (0 - ",W71,")") -> Sobrecarga de apoio (população/idade 15-64) (0 - 1,8) | AB72: =B59/$W71 -> 0.98745605 | AC72: =C59/$W71 -> 0.97381631 | AD72: =D59/$W71 -> 0.96175386 | AE72: =E59/$W71 -> 0.94918282 | AF72: =F59/$W71 -> 0.93437984 | AG72: =G59/$W71 -> 0.91331285 | AH72: =H59/$W71 -> 0.88330648 | AI72: =I59/$W71 -> 0.85748612 | ... AR72: =R59/$W71 -> 0.86286978
U73: =AA74 -> Sobrecarga de apoio ONU Baixa (população/idade 15-64) (0 - 1,8) | W73: =W71 -> 1.8 | AA73: =CONCATENATE(A66," (0 - ",W72/1000," Gp)") -> Pessoas BRISE Idade 15-64 Previsão Baixa da ONU (Mp) (0 - 2 Gp) | AK73: =K66/$W72 -> 0.8232594 | AL73: =L66/$W72 -> 0.86759999 | AM73: =M66/$W72 -> 0.90660803 | AN73: =N66/$W72 -> 0.92694737 | AO73: =O66/$W72 -> 0.93229541 | AP73: =P66/$W72 -> 0.92250409 | AQ73: =Q66/$W72 -> 0.90096177 | AR73: =R66/$W72 -> 0.86764846
U74: =AA75 -> Pessoas BRISE Idade 15-64 (0 - 2 Gp) Sua previsão | W74: 2000 | AA74: =CONCATENATE(A67," (0 - ",W73,")") -> Sobrecarga de apoio ONU Baixa (população/idade 15-64) (0 - 1,8) | AK74: =K67/$W73 -> 0.81984988 | AL74: =L67/$W73 -> 0.8027351 | AM74: =M67/$W73 -> 0.78475424 | AN74: =N67/$W73 -> 0.77909715 | AO74: =O67/$W73 -> 0.78069512 | AP74: =P67/$W73 -> 0.78863606 | AQ74: =Q67/$W73 -> 0.80016324 | AR74: =R67/$W73 -> 0.81649294
U75: =AA76 -> Sobrecarga de apoio (população/idade 15-64) (0 - 1,8) Sua previsão | W75: 1.8 | AA75: =CONCATENATE(AA71," Your forecast") -> Pessoas BRISE Idade 15-64 (0 - 2 Gp) Sua previsão | AK75: =K61/$W74 -> 0.8232594 | AL75: =L61/$W74 -> 0.85024799 | AM75: =M61/$W74 -> 0.88847587 | AN75: =N61/$W74 -> 0.90840842 | AO75: =O61/$W74 -> 0.9136495 | AP75: =P61/$W74 -> 0.90405401 | AQ75: =Q61/$W74 -> 0.88294254 | AR75: =R61/$W74 -> 0.85029549
AA76: =CONCATENATE(AA72," Your forecast ") -> Sobrecarga de apoio (população/idade 15-64) (0 - 1,8) Sua previsão | AK76: =K63/$W75 -> 0.85093763 | AL76: =L63/$W75 -> 0.85190373 | AM76: =M63/$W75 -> 0.83642634 | AN76: =N63/$W75 -> 0.83193142 | AO76: =O63/$W75 -> 0.83509121 | AP76: =P63/$W75 -> 0.84524821 | AQ76: =Q63/$W75 -> 0.85935292 | AR76: =R63/$W75 -> 0.87933165
A93: Gráfico 3
A94: =CONCATENATE(A93,". Labour Productivity - ",A5," 1970 to 2050") -> Gráfico 3. Produtividade do Trabalho - BRISE 1970 a 2050
B95: 1970 | C95: 1975 | D95: 1980 | E95: 1985 | F95: 1990 | G95: 1995 | H95: 2000 | I95: 2005 | J95: 2010 | K95: 2015 | L95: 2020 | M95: 2025 | N95: 2030 | O95: 2035 | P95: 2040 | Q95: 2045 | R95: 2050 | S95: Unidades
A96: PIB BRISE | B96: 2.2628815 | C96: 3.0682609 | D96: 3.7560221 | E96: 4.2353937 | F96: 7.2579835 | G96: 7.931052 | H96: 9.1580982 | I96: 11.898888 | J96: 14.214501 | K96: =K97*K98/1000000 -> 16.0868 | L96: =L97*L98/1000000 -> 19.241919 | M96: =M97*M98/1000000 -> 23.223645 | N96: =N97*N98/1000000 -> 27.781248 | O96: =O97*O98/1000000 -> 32.132762 | P96: =P97*P98/1000000 -> 36.246633 | Q96: =Q97*Q98/1000000 -> 39.5 | R96: =R97*R98/1000000 -> 42 | S96: T$ / ano | U96: Os dados originais provêm de http://pwt.econ.upenn.edu/php_site/pwt70/pwt70_form.php
A97: Pessoas BRISE com idades entre 15 e 64 anos | B97: =B56 -> 678.96036 | C97: =C56 -> 766.9576 | D97: =D56 -> 864.33489 | E97: =E56 -> 972.75705 | F97: =F56 -> 1088.3105 | G97: =G56 -> 1208.5989 | H97: =H56 -> 1342.3651 | I97: =I56 -> 1474.2693 | ... R97: =R56 -> 1735.2969 | S97: Deputado | U97: Último acesso em 12 de abril de 2012.
A98: Produtividade do trabalho | B98: =B96/B97*1000000 -> 3332.8625 | C98: =C96/C97*1000000 -> 4000.5613 | D98: =D96/D97*1000000 -> 4345.5635 | E98: =E96/E97*1000000 -> 4354.0098 | F98: =F96/F97*1000000 -> 6669.0375 | G98: =G96/G97*1000000 -> 6562.187 | H98: =H96/H97*1000000 -> 6822.36 | I98: =I96/I97*1000000 -> 8071.0412 | J98: =J96/J97*1000000 -> 8881.9902 | K98: =J98*(1+K99 /100*5) -> 9770.1892 | L98: =K98*(1+L99 /100*5) -> 11089.165 | M98: =L98*(1+M99 /100*5) -> 12807.985 | N98: =M98*(1+N99 /100*5) -> 14985.343 | O98: =N98*(1+O99 /100*5) -> 17233.144 | P98: =O98*(1+P99 /100*5) -> 19645.784 | Q98: =P98*(1+Q99 /100*5) -> 21921.019 | R98: =Q98*(1+R99 /100*5) -> 24203.351 | S98: $ por pessoa - ano
A99: Crescimento da produtividade | C99: =(((C98/B98)-1)/5)*100 -> 4.0067585 | D99: =(((D98/C98)-1)/5)*100 -> 1.7247689 | E99: =(((E98/D98)-1)/5)*100 -> 0.038873338 | F99: =(((F98/E98)-1)/5)*100 -> 10.634003 | G99: =(((G98/F98)-1)/5)*100 -> -0.32043754 | H99: =(((H98/G98)-1)/5)*100 -> 0.79294583 | I99: =(((I98/H98)-1)/5)*100 -> 3.6605551 | J99: =(((J98/I98)-1)/5)*100 -> 2.0095276 | K99: 2 | L99: 2.7 | M99: 3.1 | N99: 3.4 | O99: 3 | P99: 2.8 | Q99: 2.3162572 | R99: 2.0823227 | S99: %/ano
A100: =A9 -> População, BRISE | B100: =B9 -> 1206.7983 | C100: =C9 -> 1344.3765 | D100: =D9 -> 1496.2993 | E100: =E9 -> 1661.9837 | F100: =F9 -> 1830.4117 | G100: =G9 -> 1986.892 | H100: =H9 -> 2134.2957 | ... R100: =R9 -> 2695.2035 | S100: Deputado
A101: PIB per capita | B101: =B96/B100*1000000 -> 1875.1116 | C101: =C96/C100*1000000 -> 2282.2929 | D101: =D96/D100*1000000 -> 2510.2077 | E101: =E96/E100*1000000 -> 2548.3967 | F101: =F96/F100*1000000 -> 3965.2192 | G101: =G96/G100*1000000 -> 3991.6875 | H101: =H96/H100*1000000 -> 4290.9229 | I101: =I96/I100*1000000 -> 5229.1363 | ... R101: =R96/R100*1000000 -> 15583.239 | S101: $ / pessoa / ano
A102: Sua previsão
J103: crescimento em LP sua estimativa | K103: =K99 -> 2 | L103: =L99*0.95 -> 2.565 | M103: =M99*0.95 -> 2.945 | N103: =N99*0.95 -> 3.23 | O103: =O99*0.95 -> 2.85 | P103: =P99*0.95 -> 2.66 | Q103: =Q99*0.95 -> 2.2004443 | R103: =R99*0.95 -> 1.9782066 | S103: %/ano
J104: =CONCATENATE(A96,", Your forecast") -> PIB BRISE, sua previsão | K104: =K105*K61/1000000 -> 16.0868 | L104: =L105*L61/1000000 -> 18.744935 | M104: =M105*M61/1000000 -> 22.472015 | N104: =N105*N61/1000000 -> 26.686815 | O104: =O105*O61/1000000 -> 30.665597 | P104: =P105*P61/1000000 -> 34.379225 | Q104: =Q105*Q61/1000000 -> 37.270552 | R104: =R105*R61/1000000 -> 39.442598 | S104: =S96 -> T$ / ano
J105: =CONCATENATE(A98,", Your forecast") -> Produtividade do trabalho, sua previsão | K105: =J98*(1+K103/100*5) -> 9770.1892 | L105: =K105*(1+L103/100*5) -> 11023.216 | M105: =L105*(1+M103/100*5) -> 12646.385 | N105: =M105*(1+N103/100*5) -> 14688.776 | O105: =N105*(1+O103/100*5) -> 16781.926 | P105: =O105*(1+P103/100*5) -> 19013.922 | Q105: =P105*(1+Q103/100*5) -> 21105.876 | R105: =Q105*(1+R103/100*5) -> 23193.465 | S105: $ por pessoa - ano | X105: Prezado(a) usuário(a): Utilize a tabela amarela abaixo para definir o valor máximo nos eixos verticais do gráfico.
V106: Valor máximo no eixo vertical | AA106: Cálculos realizados para ajustar todas as variáveis para valores entre 0 e 1.
U107: Para o gráfico à esquerda, nomes das variáveis (unidade) | V107: nos gráficos originais de Randers | W107: Na sua previsão | AB107: 1970 | AC107: 1975 | AD107: 1980 | AE107: 1985 | AF107: 1990 | AG107: 1995 | AH107: 2000 | AI107: 2005 | AJ107: 2010 | AK107: 2015 | AL107: 2020 | AM107: 2025 | AN107: 2030 | AO107: 2035 | AP107: 2040 | AQ107: 2045 | AR107: 2050
U108: =AA108 -> AUMENTO DO PIB (0 - 50 T$ / ano) | V108: 50 | W108: 50 | AA108: =CONCATENATE(A96," (0 - ",W108," T$ / yr)") -> AUMENTO DO PIB (0 - 50 T$ / ano) | AB108: =B96/$W108 -> 0.045257631 | AC108: =C96/$W108 -> 0.061365217 | AD108: =D96/$W108 -> 0.075120442 | AE108: =E96/$W108 -> 0.084707874 | AF108: =F96/$W108 -> 0.14515967 | AG108: =G96/$W108 -> 0.15862104 | AH108: =H96/$W108 -> 0.18316196 | AI108: =I96/$W108 -> 0.23797777 | ... AR108: =R96/$W108 -> 0.84
U109: =AA109 -> Produtividade do trabalho (0 - 30000 $ / pessoa-ano) | V109: 30000 | W109: =W112 -> 30000 | AA109: =CONCATENATE(A98," (0 - ",W109," $ / person-yr)") -> Produtividade do trabalho (0 - 30000 $ / pessoa-ano) | AB109: =B98/$W109 -> 0.11109542 | AC109: =C98/$W109 -> 0.13335204 | AD109: =D98/$W109 -> 0.14485212 | AE109: =E98/$W109 -> 0.14513366 | AF109: =F98/$W109 -> 0.22230125 | AG109: =G98/$W109 -> 0.21873957 | AH109: =H98/$W109 -> 0.227412 | AI109: =I98/$W109 -> 0.26903471 | ... AR109: =R98/$W109 -> 0.80677836
U110: =AA110 -> PIB per capita (0 - 50.000 $ / pessoa-ano) | V110: 50000 | W110: 50000 | AA110: =CONCATENATE(A101," (0 - ",W110," $ / person-yr)") -> PIB per capita (0 - 50.000 $ / pessoa-ano) | AB110: =B101/$W110 -> 0.037502232 | AC110: =C101/$W110 -> 0.045645858 | AD110: =D101/$W110 -> 0.050204154 | AE110: =E101/$W110 -> 0.050967933 | AF110: =F101/$W110 -> 0.079304383 | AG110: =G101/$W110 -> 0.079833749 | AH110: =H101/$W110 -> 0.085818457 | AI110: =I101/$W110 -> 0.10458273 | ... AR110: =R101/$W110 -> 0.31166478
U111: =AA111 -> Crescimento da produtividade (0 - 12 % / ano) | V111: 12 | W111: =W113 -> 12 | AA111: =CONCATENATE(A99," (0 - ",W111," % / yr)") -> Crescimento da produtividade (0 - 12 % / ano) | AC111: =C99/$W111 -> 0.33389654 | AD111: =D99/$W111 -> 0.14373074 | AE111: =E99/$W111 -> 0.0032394449 | AF111: =F99/$W111 -> 0.88616695 | AG111: =G99/$W111 -> -0.026703128 | AH111: =H99/$W111 -> 0.066078819 | AI111: =I99/$W111 -> 0.30504626 | AJ111: =J99/$W111 -> 0.16746063 | ... AR111: =R99/$W111 -> 0.17352689
U112: =AA112 -> Produtividade do trabalho (0 - 30.000 $/pessoa-ano) Sua previsão | W112: 30000 | AA112: =CONCATENATE(A98," (0 - ",W112," $ / person-yr) Your forecast") -> Produtividade do trabalho (0 - 30.000 $/pessoa-ano) Sua previsão | AK112: =K105/$W112 -> 0.32567297 | AL112: =L105/$W112 -> 0.36744053 | AM112: =M105/$W112 -> 0.42154615 | AN112: =N105/$W112 -> 0.48962585 | AO112: =O105/$W112 -> 0.55939754 | AP112: =P105/$W112 -> 0.63379741 | AQ112: =Q105/$W112 -> 0.70352921 | AR112: =R105/$W112 -> 0.77311551
U113: =AA113 -> Crescimento da produtividade (0 - 12% ao ano) Sua previsão | W113: 12 | AA113: =CONCATENATE(A99," (0 - ",W113," % / yr) Your forecast") -> Crescimento da produtividade (0 - 12% ao ano) Sua previsão | AK113: =K103/$W113 -> 0.16666667 | AL113: =L103/$W113 -> 0.21375 | AM113: =M103/$W113 -> 0.24541667 | AN113: =N103/$W113 -> 0.26916667 | AO113: =O103/$W113 -> 0.2375 | AP113: =P103/$W113 -> 0.22166667 | AQ113: =Q103/$W113 -> 0.18337036 | AR113: =R103/$W113 -> 0.16485055
A131: Gráfico 4
A132: =CONCATENATE(A131,". Production (GDP) and Consumption - ",A5," 1970 to 2050") -> Gráfico 4. Produção (PIB) e Consumo - BRISE 1970 a 2050
B133: 1970 | C133: 1975 | D133: 1980 | E133: 1985 | F133: 1990 | G133: 1995 | H133: 2000 | I133: 2005 | J133: 2010 | K133: 2015 | L133: 2020 | M133: 2025 | N133: 2030 | O133: 2035 | P133: 2040 | Q133: 2045 | R133: 2050 | S133: Unidades | AA133: Cálculos realizados para ajustar todas as variáveis para valores entre 0 e 1.
A134: =A96 -> PIB BRISE | B134: =B96 -> 2.2628815 | C134: =C96 -> 3.0682609 | D134: =D96 -> 3.7560221 | E134: =E96 -> 4.2353937 | F134: =F96 -> 7.2579835 | G134: =G96 -> 7.931052 | H134: =H96 -> 9.1580982 | ... R134: =R96 -> 42 | S134: T$ / ano | U134: Os dados originais provêm de http://pwt.econ.upenn.edu/php_site/pwt70/pwt70_form.php | AB134: 1970 | AC134: 1975 | AD134: 1980 | AE134: 1985 | AF134: 1990 | AG134: 1995 | AH134: 2000 | AI134: 2005 | AJ134: 2010 | AK134: 2015 | AL134: 2020 | AM134: 2025 | AN134: 2030 | AO134: 2035 | AP134: 2040 | AQ134: 2045 | AR134: 2050
A135: Investimento | B135: 0.47929501 | C135: 0.77983401 | D135: 0.93924771 | E135: 0.87060585 | F135: 2.0170109 | G135: 1.8382326 | H135: 1.8879218 | I135: 2.7436109 | J135: 3.4309392 | K135: =K134*K137/100 -> 3.9175655 | L135: =L134*L137/100 -> 5.0369576 | M135: =M134*M137/100 -> 6.3999145 | N135: =N134*N137/100 -> 8.040814 | O135: =O134*O137/100 -> 9.7466656 | P135: =P134*P137/100 -> 11.499014 | Q135: =Q134*Q137/100 -> 13.318718 | R135: =R134*R137/100 -> 15.125756 | S135: T$ / ano | U135: Último acesso em 12 de abril de 2012. | AA135: =CONCATENATE(A96," (0 - ",W155," T$ / yr)") -> AUMENTO DO PIB (0 - 45 trilhões de dólares/ano) | AB135: =B134/$W155 -> 0.050286256 | AC135: =C134/$W155 -> 0.068183575 | AD135: =D134/$W155 -> 0.083467158 | AE135: =E134/$W155 -> 0.094119861 | AF135: =F134/$W155 -> 0.16128852 | AG135: =G134/$W155 -> 0.1762456 | AH135: =H134/$W155 -> 0.20351329 | AI135: =I134/$W155 -> 0.26441974 | ... AR135: =R134/$W155 -> 0.93333333
A136: Consumo | B136: =B134-B135 -> 1.7835865 | C136: =C134-C135 -> 2.2884269 | D136: =D134-D135 -> 2.8167744 | E136: =E134-E135 -> 3.3647879 | F136: =F134-F135 -> 5.2409725 | G136: =G134-G135 -> 6.0928193 | H136: =H134-H135 -> 7.2701765 | I136: =I134-I135 -> 9.1552775 | ... R136: =R134-R135 -> 26.874244 | S136: T$ / ano | AA136: =CONCATENATE(A137," (0 - ",W156,"% /yr)") -> Percentagem de investimento (0 - 40%/ano) | AB136: =B137/$W$156 -> 0.52951845 | AC136: =C137/$W$156 -> 0.63540393 | AD136: =D137/$W$156 -> 0.62516119 | AE136: =E137/$W$156 -> 0.5138872 | AF136: =F137/$W$156 -> 0.69475597 | AG136: =G137/$W$156 -> 0.57944162 | AH136: =H137/$W$156 -> 0.51536949 | AI136: =I137/$W$156 -> 0.5764427 | ... AR136: =R137/$W$156 -> 0.90034262
A137: % de participação no investimento | B137: =B135/B134*100 -> 21.180738 | C137: =C135/C134*100 -> 25.416157 | D137: =D135/D134*100 -> 25.006448 | E137: =E135/E134*100 -> 20.555488 | F137: =F135/F134*100 -> 27.790239 | G137: =G135/G134*100 -> 23.177665 | H137: =H135/H134*100 -> 20.614779 | I137: =I135/I134*100 -> 23.057708 | J137: =J135/J134*100 -> 24.136895 | K137: =SUM(K138:K141) -> 24.352671 | L137: =SUM(L138:L141) -> 26.177003 | M137: =SUM(M138:M141) -> 27.557752 | N137: =SUM(N138:N141) -> 28.943314 | O137: =SUM(O138:O141) -> 30.332486 | P137: =SUM(P138:P141) -> 31.724364 | Q137: =SUM(Q138:Q141) -> 33.718273 | R137: =SUM(R138:R141) -> 36.013705 | S137: % por ano | AA137: =CONCATENATE(A136," (0 - ",W157, " T$ / yr)") -> Consumo (0 - 45 T$ / ano) | AB137: =B136/$W$157 -> 0.039635256 | AC137: =C136/$W$157 -> 0.05085393 | AD137: =D136/$W$157 -> 0.062594987 | AE137: =E136/$W$157 -> 0.074773064 | AF137: =F136/$W$157 -> 0.11646606 | AG137: =G136/$W$157 -> 0.13539598 | AH137: =H136/$W$157 -> 0.16155948 | AI137: =I136/$W$157 -> 0.20345061 | ... AR137: =R136/$W$157 -> 0.59720542
A138: Participação no investimento do ano passado mais variação percentual na taxa de investimento normal | K138: =J137 -> 24.136895 | L138: =K138+K141 -> 24.102671 | M138: =L138+L141 -> 24.077003 | N138: =M138+M141 -> 24.057752 | O138: =N138+N141 -> 24.043314 | P138: =O138+O141 -> 24.032486 | Q138: =P138+P141 -> 24.024364 | R138: =Q138+Q141 -> 24.018273 | S138: % por ano | AA138: =CONCATENATE("normal + norm change inv."," (0 - ",W156,"% /yr)") -> normal + mudança normal inv. (0 - 40% /ano) | AK138: =(K138+K141)/$W$156 -> 0.60256677 | AL138: =(L138+L141)/$W$156 -> 0.60192508 | AM138: =(M138+M141)/$W$156 -> 0.60144381 | AN138: =(N138+N141)/$W$156 -> 0.60108286 | AO138: =(O138+O141)/$W$156 -> 0.60081214 | AP138: =(P138+P141)/$W$156 -> 0.60060911 | AQ138: =(Q138+Q141)/$W$156 -> 0.60045683 | AR138: =(R138+R141)/$W$156 -> 0.60034262
A139: % investimento voluntário | K139: 0.1 | L139: 1.3 | M139: 2 | N139: 2.7 | O139: 3.4 | P139: 4.1 | Q139: 5 | R139: 6 | S139: % por ano | AA139: =CONCATENATE("normal + voluntary inv."," (0 - ",W156,"% /yr)") -> Inventário normal + voluntário (0 - 40% /ano) | AK139: =(K138+K141+K139)/$W$156 -> 0.60506677 | AL139: =(L138+L141+L139)/$W$156 -> 0.63442508 | AM139: =(M138+M141+M139)/$W$156 -> 0.65144381 | AN139: =(N138+N141+N139)/$W$156 -> 0.66858286 | AO139: =(O138+O141+O139)/$W$156 -> 0.68581214 | AP139: =(P138+P141+P139)/$W$156 -> 0.70310911 | AQ139: =(Q138+Q141+Q139)/$W$156 -> 0.72545683 | AR139: =(R138+R141+R139)/$W$156 -> 0.75034262
A140: % investimento forçado | K140: 0.15 | L140: 0.8 | M140: 1.5 | N140: 2.2 | O140: 2.9 | P140: 3.6 | Q140: 4.7 | R140: 6 | S140: % por ano | AA140: =CONCATENATE("normal + voluntary + forced inv."," (0 - ",W156,"% /yr)") -> Inventário normal + voluntário + forçado (0 - 40% /ano) | AK140: =(K138+K139+K140+K141)/$W$156 -> 0.60881677 | AL140: =(L138+L139+L140+L141)/$W$156 -> 0.65442508 | AM140: =(M138+M139+M140+M141)/$W$156 -> 0.68894381 | AN140: =(N138+N139+N140+N141)/$W$156 -> 0.72358286 | AO140: =(O138+O139+O140+O141)/$W$156 -> 0.75831214 | AP140: =(P138+P139+P140+P141)/$W$156 -> 0.79310911 | AQ140: =(Q138+Q139+Q140+Q141)/$W$156 -> 0.84295683 | AR140: =(R138+R139+R140+R141)/$W$156 -> 0.90034262
A141: Variação percentual na taxa de investimento normal | K141: =5*(24 - K$138)/20 -> -0.034223651 | L141: =5*(24 - L$138)/20 -> -0.025667738 | M141: =5*(24 - M$138)/20 -> -0.019250804 | N141: =5*(24 - N$138)/20 -> -0.014438103 | O141: =5*(24 - O$138)/20 -> -0.010828577 | P141: =5*(24 - P$138)/20 -> -0.0081214327 | Q141: =5*(24 - Q$138)/20 -> -0.0060910746 | R141: =5*(24 - R$138)/20 -> -0.0045683059 | S141: % por ano | AA141: investimento sem ajuste à norma mundial | AK141: =K138*K$134/100 -> 3.882854 | AL141: =L138*L$134/100 -> 4.6378163 | AM141: =M138*M$134/100 -> 5.5915576 | AN141: =N138*N$134/100 -> 6.6835439 | AO141: =O138*O$134/100 -> 7.7257811 | AP141: =P138*P$134/100 -> 8.7109669 | AQ141: =Q138*Q$134/100 -> 9.4896239 | AR141: =R138*R$134/100 -> 10.087675
A142: Sua previsão
...

Sheet  LINHA
A1: =SumWorld!A1 -> Prezado(a) usuário(a): Esta é a versão de 7 de novembro de 2014, às 11h, da planilha de 2052 de Ulrich Goluke (2052@blue-way.net)
A2: =SumWorld!A2 -> Prezado(a) usuário(a): O lado esquerdo desta planilha contém os dados numéricos e os gráficos que você também encontra no livro de 2052. | U2: =SumWorld!U2 -> Prezado(a) usuário(a): Os cálculos nesta parte à direita da planilha garantem o dimensionamento correto dos gráficos.
U3: =SumWorld!U3 -> Contém também a fonte dos dados históricos.
I4: Código de cores | J4: Dados históricos | M4: Sua previsão
A5: LINHA | J5: Previsão de Randers | M5: Calculado a partir da sua previsão.
J6: Valores calculados
A7: =CONCATENATE("Graph 1. Population - ",A5," 1970 to 2050") -> Gráfico 1. População - LINHA DE 1970 a 2050
B8: 1970 | C8: 1975 | D8: 1980 | E8: 1985 | F8: 1990 | G8: 1995 | H8: 2000 | I8: 2005 | J8: 2010 | K8: 2015 | L8: 2020 | M8: 2025 | N8: 2030 | O8: 2035 | P8: 2040 | Q8: 2045 | R8: 2050 | S8: Unidades
A9: População, Resto do Mundo | B9: 862.93834 | C9: 968.74885 | D9: 1093.9292 | E9: 1236.6045 | F9: 1393.9713 | G9: 1557.649 | H9: 1722.9098 | I9: 1896.0258 | J9: 2083.6469 | K9: =J9+(J10-J11)*5 -> 2280.5845 | L9: =K9+(K10-K11)*5 -> 2463.0313 | M9: =L9+(L10-L11)*5 -> 2624.3598 | N9: =M9+(M10-M11)*5 -> 2771.324 | O9: =N9+(N10-N11)*5 -> 2896.0336 | P9: =O9+(O10-O11)*5 -> 2994.4987 | Q9: =P9+(P10-P11)*5 -> 3063.3722 | R9: =Q9+(Q10-Q11)*5 -> 3100.1326 | S9: Deputado | U9: A tabela original foi baixada de http://esa.un.org/unpd/wpp/Excel-Data/DB03_Population_ByAgeSex_Quinquennial/WPP2010_DB3_F1_POPULATION_BY_AGE_BOTH_SEXES.XLS
A10: Nascimentos, ROW | B10: 38.306997 | C10: 42.032034 | D10: 46.593255 | E10: 50.536062 | F10: 53.136588 | G10: 55.208411 | H10: 57.372475 | I10: 60.173784 | J10: =J9*J12/100 -> 58.342112 | K10: =K9*K12/100 -> 57.014613 | L10: =L9*L12/100 -> 54.186688 | M10: =M9*M12/100 -> 52.487196 | N10: =N9*N12/100 -> 49.883831 | O10: =O9*O12/100 -> 46.336537 | P10: =P9*P12/100 -> 41.922982 | Q10: =Q9*Q12/100 -> 36.760466 | R10: =R9*R12/100 -> 31.001326 | S10: Mp/ano | U10: Último acesso em 11 de abril de 2012
A11: Mortes, ROW | B11: 14.582276 | C11: 14.487237 | D11: 15.108773 | E11: 15.869451 | F11: 17.052175 | G11: 18.039106 | H11: 18.401227 | I11: 18.757089 | J11: =J9*J13/100 -> 18.95458 | K11: =K9*K13/100 -> 20.525261 | L11: =L9*L13/100 -> 21.920978 | M11: =M9*M13/100 -> 23.094366 | N11: =N9*N13/100 -> 24.941916 | O11: =O9*O13/100 -> 26.643509 | P11: =P9*P13/100 -> 28.148288 | Q11: =Q9*Q13/100 -> 29.408373 | R11: =R9*R13/100 -> 30.3813 | S11: Mp/ano | U11: Para valores futuros, foi utilizada a variante BAIXA.
A12: taxa bruta de natalidade | B12: =B10/B9*100 -> 4.4391348 | C12: =C10/C9*100 -> 4.3387957 | D12: =D10/D9*100 -> 4.2592568 | E12: =E10/E9*100 -> 4.0866793 | F12: =F10/F9*100 -> 3.8118854 | G12: =G10/G9*100 -> 3.5443422 | H12: =H10/H9*100 -> 3.3299756 | I12: =I10/I9*100 -> 3.1736796 | J12: 2.8 | K12: 2.5 | L12: 2.2 | M12: 2 | N12: 1.8 | O12: 1.6 | P12: 1.4 | Q12: 1.2 | R12: 1 | S12: % por ano
A13: taxa bruta de mortalidade | B13: =B11/B9*100 -> 1.6898398 | C13: =C11/C9*100 -> 1.4954585 | D13: =D11/D9*100 -> 1.3811472 | E13: =E11/E9*100 -> 1.2833085 | F13: =F11/F9*100 -> 1.2232803 | G13: =G11/G9*100 -> 1.1580983 | H13: =H11/H9*100 -> 1.0680319 | I13: =I11/I9*100 -> 0.98928448 | J13: 0.90968293 | K13: 0.9 | L13: 0.89 | M13: 0.88 | N13: 0.9 | O13: 0.92 | P13: 0.94 | Q13: 0.96 | R13: 0.98 | S13: % por ano
A14: Sua previsão
G15: taxa bruta de natalidade | I15: Sua previsão | J15: =J12 -> 2.8 | K15: =K12*0.98 -> 2.45 | L15: =L12*0.98 -> 2.156 | M15: =M12*0.98 -> 1.96 | N15: =N12*0.98 -> 1.764 | O15: =O12*0.98 -> 1.568 | P15: =P12*0.98 -> 1.372 | Q15: =Q12*0.98 -> 1.176 | R15: =R12*0.98 -> 0.98 | S15: % por ano
G16: taxa bruta de mortalidade | I16: Sua previsão | J16: =J13 -> 0.90968293 | K16: =K13*0.98 -> 0.882 | L16: =L13*0.98 -> 0.8722 | M16: =M13*0.98 -> 0.8624 | N16: =N13*0.98 -> 0.882 | O16: =O13*0.98 -> 0.9016 | P16: =P13*0.98 -> 0.9212 | Q16: =Q13*0.98 -> 0.9408 | R16: =R13*0.98 -> 0.9604 | S16: % por ano
I17: População, Resto do Mundo | K17: =J9+(J18-J19)*5 -> 2280.5845 | L17: =K17+(K18-K19)*5 -> 2459.3823 | M17: =L17+(L18-L19)*5 -> 2617.2501 | N17: =M17+(M18-M19)*5 -> 2760.8848 | O17: =N17+(N18-N19)*5 -> 2882.6398 | P17: =O17+(O18-O19)*5 -> 2978.6894 | Q17: =P17+(P18-P19)*5 -> 3045.829 | R17: =Q17+(Q18-Q19)*5 -> 3081.648 | S17: Deputado
I18: Nascimentos, ROW | J18: =J9*J15/100 -> 58.342112 | K18: =K17*K15/100 -> 55.874321 | L18: =L17*L15/100 -> 53.024283 | M18: =M17*M15/100 -> 51.298102 | N18: =N17*N15/100 -> 48.702007 | O18: =O17*O15/100 -> 45.199792 | P18: =P17*P15/100 -> 40.867618 | Q18: =Q17*Q15/100 -> 35.818949 | R18: =R17*R15/100 -> 30.20015 | S18: Mp/ano
I19: Mortes, ROW | J19: =J9*J16/100 -> 18.95458 | K19: =K17*K16/100 -> 20.114755 | L19: =L17*L16/100 -> 21.450733 | M19: =M17*M16/100 -> 22.571165 | N19: =N17*N16/100 -> 24.351004 | O19: =O17*O16/100 -> 25.98988 | P19: =P17*P16/100 -> 27.439686 | Q19: =Q17*Q16/100 -> 28.655159 | R19: =R17*R16/100 -> 29.596147 | S19: Mp/ano
A20: Apenas para fins informativos
A21: Previsão baixa da população da ONU | K21: 2354.2528 | L21: 2531.5859 | M21: 2697.9609 | N21: 2860.204 | O21: 3014.6213 | P21: 3156.2488 | Q21: 3280.5809 | R21: 3385.5771 | S21: Deputado
A22: Nascimentos: baixa previsão da ONU | J22: 58.555203 | K22: 57.475136 | L22: 56.042619 | M22: 56.176628 | N22: 55.789106 | O22: 54.687632 | P22: 52.950547 | Q22: 51.025263 | R22: 49.242284 | S22: Mp/ano
A23: Mortes: previsão baixa da ONU | J23: 18.95458 | K23: 19.51042 | L23: 20.296099 | M23: 21.335876 | N23: 22.638014 | O23: 24.197474 | P23: 25.98821 | Q23: 27.992128 | R23: 30.205929 | S23: Mp/ano
A24: Baixa taxa de natalidade da ONU | J24: =J22/J9*100 -> 2.8102268 | K24: =K22/K21*100 -> 2.4413324 | L24: =L22/L21*100 -> 2.2137357 | M24: =M22/M21*100 -> 2.0821884 | N24: =N22/N21*100 -> 1.9505289 | O24: =O22/O21*100 -> 1.8140797 | P24: =P22/P21*100 -> 1.6776418 | Q24: =Q22/Q21*100 -> 1.5553728 | R24: =R22/R21*100 -> 1.4544724 | S24: % por ano
A25: Baixa taxa de mortalidade da ONU | J25: =J23/J9*100 -> 0.90968293 | K25: =K23/K21*100 -> 0.82873091 | L25: =L23/L21*100 -> 0.80171482 | M25: =M23/M21*100 -> 0.79081485 | N25: =N23/N21*100 -> 0.79148252 | O25: =O23/O21*100 -> 0.80267045 | P25: =P23/P21*100 -> 0.82338914 | Q25: =Q23/Q21*100 -> 0.8532674 | R25: =R23/R21*100 -> 0.8921944 | S25: % por ano | X25: Prezado(a) usuário(a): Utilize a tabela amarela abaixo para definir o valor máximo nos eixos verticais do gráfico.
E26: Para taxas: o valor inserido no ano n é o valor médio anual entre n e n+5. | V26: Valor máximo no eixo vertical | AA26: Cálculos realizados para ajustar todas as variáveis para valores entre 0 e 1.
U27: Para o gráfico à esquerda, nomes das variáveis (unidade) | V27: nos gráficos originais de Randers | W27: Na sua previsão | AB27: 1970 | AC27: 1975 | AD27: 1980 | AE27: 1985 | AF27: 1990 | AG27: 1995 | AH27: 2000 | AI27: 2005 | AJ27: 2010 | AK27: 2015 | AL27: 2020 | AM27: 2025 | AN27: 2030 | AO27: 2035 | AP27: 2040 | AQ27: 2045 | AR27: 2050
U28: =AA28 -> População, Resto do Mundo (0 - 3,5 Gp) | V28: 3500 | W28: =W38 -> 3500 | AA28: =CONCATENATE(A9," (0 - ",W28/1000," Gp)") -> População, Resto do Mundo (0 - 3,5 Gp) | AB28: =B9/$W28 -> 0.24655381 | AC28: =C9/$W28 -> 0.27678539 | AD28: =D9/$W28 -> 0.31255121 | AE28: =E9/$W28 -> 0.35331558 | AF28: =F9/$W28 -> 0.39827751 | AG28: =G9/$W28 -> 0.44504257 | AH28: =H9/$W28 -> 0.49225994 | AI28: =I9/$W28 -> 0.54172165 | ... AR28: =R9/$W28 -> 0.88575218
U29: =AA29 -> Nascimentos, ROW (0 - 65 milhões/ano) | V29: 65 | W29: =W39 -> 65 | AA29: =CONCATENATE(A10," (0 - ",W29," Mp / yr)") -> Nascimentos, ROW (0 - 65 milhões/ano) | AB29: =B10/$W29 -> 0.58933841 | AC29: =C10/$W29 -> 0.64664667 | AD29: =D10/$W29 -> 0.71681931 | AE29: =E10/$W29 -> 0.77747788 | AF29: =F10/$W29 -> 0.81748597 | AG29: =G10/$W29 -> 0.84936016 | AH29: =H10/$W29 -> 0.88265346 | AI29: =I10/$W29 -> 0.92575052 | ... AR29: =R10/$W29 -> 0.47694348
U30: =AA30 -> Mortes, Resto do Mundo (0 - 35 milhões/ano) | V30: 35 | W30: =W40 -> 35 | AA30: =CONCATENATE(A11," (0 - ",W30," Mp / yr)") -> Mortes, Resto do Mundo (0 - 35 milhões/ano) | AB30: =B11/$W30 -> 0.41663645 | AC30: =C11/$W30 -> 0.41392107 | AD30: =D11/$W30 -> 0.43167923 | AE30: =E11/$W30 -> 0.4534129 | AF30: =F11/$W30 -> 0.48720501 | AG30: =G11/$W30 -> 0.51540303 | AH30: =H11/$W30 -> 0.52574933 | AI30: =I11/$W30 -> 0.53591682 | ... AR30: =R11/$W30 -> 0.86803714
U31: =AA31 -> Taxa bruta de natalidade (0 - 5 % / ano) | V31: 5 | W31: =W41 -> 5 | AA31: =CONCATENATE(A12," (0 - ",W31," % / yr)") -> Taxa bruta de natalidade (0 - 5 % / ano) | AB31: =B12/$W31 -> 0.88782697 | AC31: =C12/$W31 -> 0.86775914 | AD31: =D12/$W31 -> 0.85185136 | AE31: =E12/$W31 -> 0.81733586 | AF31: =F12/$W31 -> 0.76237708 | AG31: =G12/$W31 -> 0.70886843 | AH31: =H12/$W31 -> 0.66599512 | AI31: =I12/$W31 -> 0.63473592 | ... AR31: =R12/$W31 -> 0.2
U32: =AA32 -> Taxa bruta de mortalidade (0 - 2 % / ano) | V32: 2 | W32: =W42 -> 2 | AA32: =CONCATENATE(A13," (0 - ",W32," % / yr)") -> Taxa bruta de mortalidade (0 - 2 % / ano) | AB32: =B13/$W32 -> 0.84491991 | AC32: =C13/$W32 -> 0.74772927 | AD32: =D13/$W32 -> 0.69057361 | AE32: =E13/$W32 -> 0.64165426 | AF32: =F13/$W32 -> 0.61164013 | AG32: =G13/$W32 -> 0.57904913 | AH32: =H13/$W32 -> 0.53401596 | AI32: =I13/$W32 -> 0.49464224 | ... AR32: =R13/$W32 -> 0.49
U33: =AA33 -> Previsão de baixa populacional da ONU (0 - 3,5 Gp) | W33: =W28 -> 3500 | AA33: =CONCATENATE(A21," (0 - ",W33/1000," Gp)") -> Previsão de baixa populacional da ONU (0 - 3,5 Gp) | AK33: =K21/$W33 -> 0.67264365 | AL33: =L21/$W33 -> 0.72331025 | AM33: =M21/$W33 -> 0.77084598 | AN33: =N21/$W33 -> 0.81720114 | AO33: =O21/$W33 -> 0.86132038 | AP33: =P21/$W33 -> 0.90178536 | AQ33: =Q21/$W33 -> 0.93730884 | AR33: =R21/$W33 -> 0.96730774
U34: =AA34 -> Nascimentos: Previsão baixa da ONU (0 - 65 milhões/ano) | W34: =W29 -> 65 | AA34: =CONCATENATE(A22," (0 - ",W34," Mp / yr)") -> Nascimentos: Previsão baixa da ONU (0 - 65 milhões/ano) | AJ34: =J22/$W34 -> 0.90084928 | AK34: =K22/$W34 -> 0.88423286 | AL34: =L22/$W34 -> 0.86219414 | AM34: =M22/$W34 -> 0.86425582 | AN34: =N22/$W34 -> 0.85829394 | AO34: =O22/$W34 -> 0.84134819 | AP34: =P22/$W34 -> 0.81462381 | AQ34: =Q22/$W34 -> 0.78500405 | AR34: =R22/$W34 -> 0.75757361
U35: =AA35 -> Mortes: Previsão mínima da ONU (0 - 35 milhões/ano) | W35: =W30 -> 35 | AA35: =CONCATENATE(A23," (0 - ",W35," Mp / yr)") -> Mortes: Previsão mínima da ONU (0 - 35 milhões/ano) | AJ35: =J23/$W35 -> 0.54155942 | AK35: =K23/$W35 -> 0.55744058 | AL35: =L23/$W35 -> 0.57988854 | AM35: =M23/$W35 -> 0.60959645 | AN35: =N23/$W35 -> 0.64680041 | AO35: =O23/$W35 -> 0.69135641 | AP35: =P23/$W35 -> 0.74252027 | AQ35: =Q23/$W35 -> 0.79977508 | AR35: =R23/$W35 -> 0.86302654
U36: =AA36 -> Baixa taxa de natalidade da ONU (0 - 5% / ano) | W36: =W31 -> 5 | AA36: =CONCATENATE(A24," (0 - ",W36," % / yr)") -> Baixa taxa de natalidade da ONU (0 - 5% / ano) | AJ36: =J24/$W36 -> 0.56204537 | AK36: =K24/$W36 -> 0.48826649 | AL36: =L24/$W36 -> 0.44274714 | AM36: =M24/$W36 -> 0.41643767 | AN36: =N24/$W36 -> 0.39010579 | AO36: =O24/$W36 -> 0.36281593 | AP36: =P24/$W36 -> 0.33552835 | AQ36: =Q24/$W36 -> 0.31107456 | AR36: =R24/$W36 -> 0.29089448
U37: =AA37 -> Baixa taxa de mortalidade da ONU (0 - 2% / ano) | W37: =W32 -> 2 | AA37: =CONCATENATE(A25," (0 - ",W37," % / yr)") -> Baixa taxa de mortalidade da ONU (0 - 2% / ano) | AJ37: =J25/$W37 -> 0.45484147 | AK37: =K25/$W37 -> 0.41436545 | AL37: =L25/$W37 -> 0.40085741 | AM37: =M25/$W37 -> 0.39540743 | AN37: =N25/$W37 -> 0.39574126 | AO37: =O25/$W37 -> 0.40133522 | AP37: =P25/$W37 -> 0.41169457 | AQ37: =Q25/$W37 -> 0.4266337 | AR37: =R25/$W37 -> 0.4460972
U38: =AA38 -> População, Resto do Mundo Sua previsão (0 - 3,5 Gp) | W38: 3500 | AA38: =CONCATENATE(A9," Your forecast (0 - ",W38/1000," Gp)") -> População, Resto do Mundo Sua previsão (0 - 3,5 Gp) | AK38: =K17/$W38 -> 0.65159557 | AL38: =L17/$W38 -> 0.70268067 | AM38: =M17/$W38 -> 0.74778574 | AN38: =N17/$W38 -> 0.78882422 | AO38: =O17/$W38 -> 0.82361137 | AP38: =P17/$W38 -> 0.8510541 | AQ38: =Q17/$W38 -> 0.87023686 | AR38: =R17/$W38 -> 0.88047085
U39: =AA39 -> Nascimentos, Resto do Mundo Sua previsão (0 - 65 milhões/ano) | W39: 65 | AA39: =CONCATENATE(A10," Your forecast (0 - ",W39," Mp / yr)") -> Nascimentos, Resto do Mundo Sua previsão (0 - 65 milhões/ano) | AJ39: =J18/$W39 -> 0.89757095 | AK39: =K18/$W39 -> 0.85960493 | AL39: =L18/$W39 -> 0.8157582 | AM39: =M18/$W39 -> 0.78920157 | AN39: =N18/$W39 -> 0.74926165 | AO39: =O18/$W39 -> 0.69538141 | AP39: =P18/$W39 -> 0.62873258 | AQ39: =Q18/$W39 -> 0.55106076 | AR39: =R18/$W39 -> 0.46461769
U40: =AA40 -> Mortes, Resto do Mundo Sua previsão (0 - 35 milhões/ano) | W40: 35 | AA40: =CONCATENATE(A11," Your forecast (0 - ",W40," Mp / yr)") -> Mortes, Resto do Mundo Sua previsão (0 - 35 milhões/ano) | AJ40: =J19/$W40 -> 0.54155942 | AK40: =K19/$W40 -> 0.5747073 | AL40: =L19/$W40 -> 0.61287808 | AM40: =M19/$W40 -> 0.64489042 | AN40: =N19/$W40 -> 0.69574296 | AO40: =O19/$W40 -> 0.74256801 | AP40: =P19/$W40 -> 0.78399104 | AQ40: =Q19/$W40 -> 0.81871884 | AR40: =R19/$W40 -> 0.8456042
U41: =AA41 -> Taxa bruta de natalidade: Sua previsão (0 - 5%/ano) | W41: 5 | AA41: =CONCATENATE(A12," Your forecast (0 - ",W41," % / yr)") -> Taxa bruta de natalidade: Sua previsão (0 - 5%/ano) | AJ41: =J15/$W41 -> 0.56 | AK41: =K15/$W41 -> 0.49 | AL41: =L15/$W41 -> 0.4312 | AM41: =M15/$W41 -> 0.392 | AN41: =N15/$W41 -> 0.3528 | AO41: =O15/$W41 -> 0.3136 | AP41: =P15/$W41 -> 0.2744 | AQ41: =Q15/$W41 -> 0.2352 | AR41: =R15/$W41 -> 0.196
U42: =AA42 -> Taxa bruta de mortalidade: Sua previsão (0 - 2%/ano) | W42: 2 | AA42: =CONCATENATE(A13," Your forecast (0 - ",W42," % / yr)") -> Taxa bruta de mortalidade: Sua previsão (0 - 2%/ano) | AJ42: =J16/$W42 -> 0.45484147 | AK42: =K16/$W42 -> 0.441 | AL42: =L16/$W42 -> 0.4361 | AM42: =M16/$W42 -> 0.4312 | AN42: =N16/$W42 -> 0.441 | AO42: =O16/$W42 -> 0.4508 | AP42: =P16/$W42 -> 0.4606 | AQ42: =Q16/$W42 -> 0.4704 | AR42: =R16/$W42 -> 0.4802
A52: Gráfico 2
A53: =CONCATENATE(A52,". Potential Work Force - ",A5," 1970 to 2050") -> Gráfico 2. Força de Trabalho Potencial - Resto do Mundo, 1970 a 2050
B54: 1970 | C54: 1975 | D54: 1980 | E54: 1985 | F54: 1990 | G54: 1995 | H54: 2000 | I54: 2005 | J54: 2010 | K54: 2015 | L54: 2020 | M54: 2025 | N54: 2030 | O54: 2035 | P54: 2040 | Q54: 2045 | R54: 2050 | S54: Unidades
A55: População, Resto do Mundo | B55: =B9 -> 862.93834 | C55: =C9 -> 968.74885 | D55: =D9 -> 1093.9292 | E55: =E9 -> 1236.6045 | F55: =F9 -> 1393.9713 | G55: =G9 -> 1557.649 | H55: =H9 -> 1722.9098 | I55: =I9 -> 1896.0258 | ... R55: =R9 -> 3100.1326 | S55: Deputado | U55: A tabela original foi baixada de http://esa.un.org/unpd/wpp/Excel-Data/DB03_Population_ByAgeSex_Quinquennial/WPP2010_DB3_F1_POPULATION_BY_AGE_BOTH_SEXES.XLS
A56: Pessoas ROW com idade entre 15 e 64 anos | B56: 462.95635 | C56: 520.93692 | D56: 593.5409 | E56: 676.27751 | F56: 767.53901 | G56: 869.02358 | H56: 983.15331 | I56: 1108.3432 | J56: 1245.1508 | K56: =K57 -> 1452.8856 | L56: =L57 -> 1600.9738 | M56: =M57 -> 1752.4278 | N56: =N57 -> 1885.533 | O56: =O57 -> 2003.439 | P56: =P57 -> 2103.4602 | Q56: =Q57 -> 2188.7924 | R56: =R57 -> 2254.029 | S56: Deputado | U56: Último acesso em 11 de abril de 2012
A57: Insira a faixa etária de 15 a 64 anos diretamente. | K57: 1452.8856 | L57: 1600.9738 | M57: 1752.4278 | N57: 1885.533 | O57: 2003.439 | P57: 2103.4602 | Q57: 2188.7924 | R57: 2254.029 | S57: Deputado | U57: Para valores futuros, foi utilizada a variante BAIXA.
A58: Faixa etária de 15 a 65 anos como porcentagem da população total | B58: =B56/B55*100 -> 53.648832 | C58: =C56/C55*100 -> 53.774197 | D58: =D56/D55*100 -> 54.257705 | E58: =E56/E55*100 -> 54.688261 | F58: =F56/F55*100 -> 55.061322 | G58: =G56/G55*100 -> 55.790719 | H58: =H56/H55*100 -> 57.06354 | I58: =I56/I55*100 -> 58.456124 | ... R58: =R56/R55*100 -> 72.707502 | S58: %
A59: ônus de suporte (população/idade 15-64) | B59: =B55/B56 -> 1.8639735 | C59: =C55/C56 -> 1.8596279 | D59: =D55/D56 -> 1.8430562 | E59: =E55/E56 -> 1.828546 | F59: =F55/F56 -> 1.8161569 | G59: =G55/G56 -> 1.7924128 | H59: =H55/H56 -> 1.7524325 | I59: =I55/I56 -> 1.7106847 | ... R59: =R55/R56 -> 1.3753739 | S59: Mp / Mp
A60: Sua previsão
H61: Insira a faixa etária de 15 a 64 anos diretamente. | J61: Sua previsão | K61: =K57 -> 1452.8856 | L61: =L57*0.98 -> 1568.9543 | M61: =M57*0.98 -> 1717.3792 | N61: =N57*0.98 -> 1847.8223 | O61: =O57*0.98 -> 1963.3702 | P61: =P57*0.98 -> 2061.391 | Q61: =Q57*0.98 -> 2145.0166 | R61: =R57*0.98 -> 2208.9484 | S61: Deputado
J62: Faixa etária de 15 a 65 anos como porcentagem da população total | K62: =K61/K17*100 -> 63.706719 | L62: =L61/L17*100 -> 63.794647 | M62: =M61/M17*100 -> 65.617697 | N62: =N61/N17*100 -> 66.928629 | O62: =O61/O17*100 -> 68.110148 | P62: =P61/P17*100 -> 69.20463 | Q62: =Q61/Q17*100 -> 70.424721 | R62: =R61/R17*100 -> 71.680751 | S62: %
J63: ônus de suporte (população/idade 15-64) | K63: =K17/K61 -> 1.5696931 | L63: =L17/L61 -> 1.5675296 | M63: =M17/M61 -> 1.5239791 | N63: =N17/N61 -> 1.4941289 | O63: =O17/O61 -> 1.46821 | P63: =P17/P61 -> 1.44499 | Q63: =Q17/Q61 -> 1.4199559 | R63: =R17/R61 -> 1.3950747 | S63: Mp / Mp
A64: Apenas para fins informativos
A65: Pessoas ONU Previsão Baixa (Mp) | K65: =K21 -> 2354.2528 | L65: =L21 -> 2531.5859 | M65: =M21 -> 2697.9609 | N65: =N21 -> 2860.204 | O65: =O21 -> 3014.6213 | P65: =P21 -> 3156.2488 | Q65: =Q21 -> 3280.5809 | R65: =R21 -> 3385.5771 | S65: Deputado
A66: Pessoas do Resto do Mundo com idade entre 15 e 64 anos - Previsão Baixa da ONU (Mp) | K66: 1452.8856 | L66: 1600.9738 | M66: 1752.4278 | N66: 1885.533 | O66: 2003.439 | P66: 2103.4602 | Q66: 2188.7924 | R66: 2254.029 | S66: Deputado
A67: Sobrecarga de apoio ONU Baixa (população/idade 15-64) | K67: =K65/K66 -> 1.6203979 | L67: =L65/L66 -> 1.5812788 | M67: =M65/M66 -> 1.5395561 | N67: =N65/N66 -> 1.5169207 | O67: =O65/O66 -> 1.5047233 | P67: =P65/P66 -> 1.5005032 | Q67: =Q65/Q66 -> 1.4988086 | R67: =R65/R66 -> 1.5020113 | S67: Mp / Mp | X67: Prezado(a) usuário(a): Utilize a tabela amarela abaixo para definir o valor máximo nos eixos verticais do gráfico.
V68: Valor máximo no eixo vertical | AA68: =AA26 -> Cálculos realizados para ajustar todas as variáveis para valores entre 0 e 1.
U69: Para o gráfico à esquerda, nomes das variáveis (unidade) | V69: nos gráficos originais de Randers | W69: Na sua previsão | AB69: 1970 | AC69: 1975 | AD69: 1980 | AE69: 1985 | AF69: 1990 | AG69: 1995 | AH69: 2000 | AI69: 2005 | AJ69: 2010 | AK69: 2015 | AL69: 2020 | AM69: 2025 | AN69: 2030 | AO69: 2035 | AP69: 2040 | AQ69: 2045 | AR69: 2050
U70: =AA71 -> Pessoas ROW Idade 15-64 (0 - 3 Gp) | V70: 3000 | W70: =W74 -> 3000 | AA70: =CONCATENATE(A55," (0 - ",V28/1000," Gp)") -> População, Resto do Mundo (0 - 3,5 Gp) | AB70: =B55/$V28 -> 0.24655381 | AC70: =C55/$V28 -> 0.27678539 | AD70: =D55/$V28 -> 0.31255121 | AE70: =E55/$V28 -> 0.35331558 | AF70: =F55/$V28 -> 0.39827751 | AG70: =G55/$V28 -> 0.44504257 | AH70: =H55/$V28 -> 0.49225994 | AI70: =I55/$V28 -> 0.54172165 | ... AR70: =R55/$V28 -> 0.88575218
U71: =AA72 -> Sobrecarga de apoio (população/idade 15-64) (0 - 1,9) | V71: 1.9 | W71: =W75 -> 1.9 | AA71: =CONCATENATE(A56," (0 - ",W70/1000," Gp)") -> Pessoas ROW Idade 15-64 (0 - 3 Gp) | AB71: =B56/$W70 -> 0.15431878 | AC71: =C56/$W70 -> 0.17364564 | AD71: =D56/$W70 -> 0.19784697 | AE71: =E56/$W70 -> 0.22542584 | AF71: =F56/$W70 -> 0.25584634 | AG71: =G56/$W70 -> 0.28967453 | AH71: =H56/$W70 -> 0.32771777 | AI71: =I56/$W70 -> 0.36944773 | ... AR71: =R56/$W70 -> 0.751343
U72: =AA73 -> Pessoas ROW Idade 15-64 ONU Previsão Baixa (Mp) (0 - 3 Gp) | W72: =W70 -> 3000 | AA72: =CONCATENATE(A59," (0 - ",W71,")") -> Sobrecarga de apoio (população/idade 15-64) (0 - 1,9) | AB72: =B59/$W71 -> 0.98103866 | AC72: =C59/$W71 -> 0.97875155 | AD72: =D59/$W71 -> 0.97002959 | AE72: =E59/$W71 -> 0.96239263 | AF72: =F59/$W71 -> 0.95587206 | AG72: =G59/$W71 -> 0.94337517 | AH72: =H59/$W71 -> 0.92233288 | AI72: =I59/$W71 -> 0.90036039 | ... AR72: =R59/$W71 -> 0.723881
U73: =AA74 -> Sobrecarga de apoio ONU Baixa (população/idade 15-64) (0 - 1,9) | W73: =W71 -> 1.9 | AA73: =CONCATENATE(A66," (0 - ",W72/1000," Gp)") -> Pessoas ROW Idade 15-64 ONU Previsão Baixa (Mp) (0 - 3 Gp) | AK73: =K66/$W72 -> 0.48429519 | AL73: =L66/$W72 -> 0.53365792 | AM73: =M66/$W72 -> 0.5841426 | AN73: =N66/$W72 -> 0.62851099 | AO73: =O66/$W72 -> 0.667813 | AP73: =P66/$W72 -> 0.70115339 | AQ73: =Q66/$W72 -> 0.72959748 | AR73: =R66/$W72 -> 0.751343
U74: =AA75 -> Pessoas ROW Idade 15-64 (0 - 3 Gp) Sua previsão | W74: 3000 | AA74: =CONCATENATE(A67," (0 - ",W73,")") -> Sobrecarga de apoio ONU Baixa (população/idade 15-64) (0 - 1,9) | AK74: =K67/$W73 -> 0.85284101 | AL74: =L67/$W73 -> 0.832252 | AM74: =M67/$W73 -> 0.81029269 | AN74: =N67/$W73 -> 0.79837931 | AO74: =O67/$W73 -> 0.79195962 | AP74: =P67/$W73 -> 0.78973854 | AQ74: =Q67/$W73 -> 0.78884664 | AR74: =R67/$W73 -> 0.79053228
U75: =AA76 -> Sobrecarga de apoio (população/idade 15-64) (0 - 1,9) Sua previsão | W75: 1.9 | AA75: =CONCATENATE(AA71," Your forecast") -> Pessoas ROW Idade 15-64 (0 - 3 Gp) Sua previsão | AK75: =K61/$W74 -> 0.48429519 | AL75: =L61/$W74 -> 0.52298476 | AM75: =M61/$W74 -> 0.57245975 | AN75: =N61/$W74 -> 0.61594077 | AO75: =O61/$W74 -> 0.65445674 | AP75: =P61/$W74 -> 0.68713032 | AQ75: =Q61/$W74 -> 0.71500553 | AR75: =R61/$W74 -> 0.73631614
AA76: =CONCATENATE(AA72," Your forecast ") -> Sobrecarga de apoio (população/idade 15-64) (0 - 1,9) Sua previsão | AK76: =K63/$W75 -> 0.82615428 | AL76: =L63/$W75 -> 0.8250156 | AM76: =M63/$W75 -> 0.80209427 | AN76: =N63/$W75 -> 0.78638365 | AO76: =O63/$W75 -> 0.7727421 | AP76: =P63/$W75 -> 0.76052106 | AQ76: =Q63/$W75 -> 0.74734522 | AR76: =R63/$W75 -> 0.73424982
A93: Gráfico 3
A94: =CONCATENATE(A93,". Labour Productivity - ",A5," 1970 to 2050") -> Gráfico 3. Produtividade do Trabalho - Resto do Mundo, 1970 a 2050
B95: 1970 | C95: 1975 | D95: 1980 | E95: 1985 | F95: 1990 | G95: 1995 | H95: 2000 | I95: 2005 | J95: 2010 | K95: 2015 | L95: 2020 | M95: 2025 | N95: 2030 | O95: 2035 | P95: 2040 | Q95: 2045 | R95: 2050 | S95: Unidades
A96: PIB ROW | B96: 1.7167296 | C96: 2.2127022 | D96: 2.7771675 | E96: 3.2107326 | F96: 3.9432715 | G96: 4.806548 | H96: 5.3915808 | I96: 6.933427 | J96: 8.2817814 | K96: =K97*K98/1000000 -> 10.243281 | L96: =L97*L98/1000000 -> 11.964588 | M96: =M97*M98/1000000 -> 13.88224 | N96: =N97*N98/1000000 -> 15.832861 | O96: =O97*O98/1000000 -> 17.832296 | P96: =P97*P98/1000000 -> 19.845923 | Q96: =Q97*Q98/1000000 -> 21.890085 | R96: =R97*R98/1000000 -> 23.895066 | S96: T$ / ano | U96: Os dados originais provêm de http://pwt.econ.upenn.edu/php_site/pwt70/pwt70_form.php
A97: Pessoas ROW com idade entre 15 e 64 anos | B97: =B56 -> 462.95635 | C97: =C56 -> 520.93692 | D97: =D56 -> 593.5409 | E97: =E56 -> 676.27751 | F97: =F56 -> 767.53901 | G97: =G56 -> 869.02358 | H97: =H56 -> 983.15331 | I97: =I56 -> 1108.3432 | ... R97: =R56 -> 2254.029 | S97: Deputado | U97: Último acesso em 12 de abril de 2012.
A98: Produtividade do trabalho | B98: =B96/B97*1000000 -> 3708.189 | C98: =C96/C97*1000000 -> 4247.5435 | D98: =D96/D97*1000000 -> 4678.9826 | E98: =E96/E97*1000000 -> 4747.6554 | F98: =F96/F97*1000000 -> 5137.5519 | G98: =G96/G97*1000000 -> 5530.9754 | H98: =H96/H97*1000000 -> 5483.9675 | I98: =I96/I97*1000000 -> 6255.668 | J98: =J96/J97*1000000 -> 6651.2276 | K98: =J98*(1+K99 /100*5) -> 7050.3013 | L98: =K98*(1+L99 /100*5) -> 7473.3194 | M98: =L98*(1+M99 /100*5) -> 7921.7185 | N98: =M98*(1+N99 /100*5) -> 8397.0217 | O98: =N98*(1+O99 /100*5) -> 8900.843 | P98: =O98*(1+P99 /100*5) -> 9434.8935 | Q98: =P98*(1+Q99 /100*5) -> 10000.987 | R98: =Q98*(1+R99 /100*5) -> 10601.046 | S98: $ por pessoa - ano
A99: Crescimento da produtividade | C99: =(((C98/B98)-1)/5)*100 -> 2.9089914 | D99: =(((D98/C98)-1)/5)*100 -> 2.0314759 | E99: =(((E98/D98)-1)/5)*100 -> 0.29353754 | F99: =(((F98/E98)-1)/5)*100 -> 1.64248 | G99: =(((G98/F98)-1)/5)*100 -> 1.5315603 | H99: =(((H98/G98)-1)/5)*100 -> -0.16998051 | I99: =(((I98/H98)-1)/5)*100 -> 2.8143877 | J99: =(((J98/I98)-1)/5)*100 -> 1.2646439 | K99: 1.2 | L99: 1.2 | M99: 1.2 | N99: 1.2 | O99: 1.2 | P99: 1.2 | Q99: 1.2 | R99: 1.2 | S99: %/ano
A100: =A9 -> População, Resto do Mundo | B100: =B9 -> 862.93834 | C100: =C9 -> 968.74885 | D100: =D9 -> 1093.9292 | E100: =E9 -> 1236.6045 | F100: =F9 -> 1393.9713 | G100: =G9 -> 1557.649 | H100: =H9 -> 1722.9098 | ... R100: =R9 -> 3100.1326 | S100: Deputado
A101: PIB per capita | B101: =B96/B100*1000000 -> 1989.4001 | C101: =C96/C100*1000000 -> 2284.0824 | D101: =D96/D100*1000000 -> 2538.7086 | E101: =E96/E100*1000000 -> 2596.4102 | F101: =F96/F100*1000000 -> 2828.804 | G101: =G96/G100*1000000 -> 3085.7709 | H101: =H96/H100*1000000 -> 3129.346 | I101: =I96/I100*1000000 -> 3656.8211 | ... R101: =R96/R100*1000000 -> 7707.756 | S101: $ / pessoa / ano
A102: Sua previsão
J103: crescimento em LP sua estimativa | K103: =K99 -> 1.2 | L103: =L99*0.95 -> 1.14 | M103: =M99*0.95 -> 1.14 | N103: =N99*0.95 -> 1.14 | O103: =O99*0.95 -> 1.14 | P103: =P99*0.95 -> 1.14 | Q103: =Q99*0.95 -> 1.14 | R103: =R99*0.95 -> 1.14 | S103: %/ano
J104: =CONCATENATE(A96,", Your forecast") -> PIB ROW, sua previsão | K104: =K105*K61/1000000 -> 10.243281 | L104: =L105*L61/1000000 -> 11.692112 | M104: =M105*M61/1000000 -> 13.527697 | N104: =N105*N61/1000000 -> 15.384835 | O104: =O105*O61/1000000 -> 17.278651 | P104: =P105*P61/1000000 -> 19.175336 | Q104: =Q105*Q61/1000000 -> 21.090567 | R104: =R105*R61/1000000 -> 22.95716 | S104: =S96 -> T$ / ano
J105: =CONCATENATE(A98,", Your forecast") -> Produtividade do trabalho, sua previsão | K105: =J98*(1+K103/100*5) -> 7050.3013 | L105: =K105*(1+L103/100*5) -> 7452.1685 | M105: =L105*(1+M103/100*5) -> 7876.9421 | N105: =M105*(1+N103/100*5) -> 8325.9278 | O105: =N105*(1+O103/100*5) -> 8800.5057 | P105: =O105*(1+P103/100*5) -> 9302.1345 | Q105: =P105*(1+Q103/100*5) -> 9832.3561 | R105: =Q105*(1+R103/100*5) -> 10392.8 | S105: $ por pessoa - ano | X105: Prezado(a) usuário(a): Utilize a tabela amarela abaixo para definir o valor máximo nos eixos verticais do gráfico.
V106: Valor máximo no eixo vertical | AA106: Cálculos realizados para ajustar todas as variáveis para valores entre 0 e 1.
U107: Para o gráfico à esquerda, nomes das variáveis (unidade) | V107: nos gráficos originais de Randers | W107: Na sua previsão | AB107: 1970 | AC107: 1975 | AD107: 1980 | AE107: 1985 | AF107: 1990 | AG107: 1995 | AH107: 2000 | AI107: 2005 | AJ107: 2010 | AK107: 2015 | AL107: 2020 | AM107: 2025 | AN107: 2030 | AO107: 2035 | AP107: 2040 | AQ107: 2045 | AR107: 2050
U108: =AA108 -> PIB Resto do Mundo (0 - 50 trilhões de dólares/ano) | V108: 50 | W108: 50 | AA108: =CONCATENATE(A96," (0 - ",W108," T$ / yr)") -> PIB Resto do Mundo (0 - 50 trilhões de dólares/ano) | AB108: =B96/$W108 -> 0.034334592 | AC108: =C96/$W108 -> 0.044254044 | AD108: =D96/$W108 -> 0.05554335 | AE108: =E96/$W108 -> 0.064214652 | AF108: =F96/$W108 -> 0.07886543 | AG108: =G96/$W108 -> 0.096130961 | AH108: =H96/$W108 -> 0.10783162 | AI108: =I96/$W108 -> 0.13866854 | ... AR108: =R96/$W108 -> 0.47790132
U109: =AA109 -> Produtividade do trabalho (0 - 12000 $ / pessoa-ano) | V109: 12000 | W109: =W112 -> 12000 | AA109: =CONCATENATE(A98," (0 - ",W109," $ / person-yr)") -> Produtividade do trabalho (0 - 12000 $ / pessoa-ano) | AB109: =B98/$W109 -> 0.30901575 | AC109: =C98/$W109 -> 0.35396196 | AD109: =D98/$W109 -> 0.38991522 | AE109: =E98/$W109 -> 0.39563795 | AF109: =F98/$W109 -> 0.42812932 | AG109: =G98/$W109 -> 0.46091462 | AH109: =H98/$W109 -> 0.45699729 | AI109: =I98/$W109 -> 0.52130567 | ... AR109: =R98/$W109 -> 0.88342053
U110: =AA110 -> PIB per capita (0 - 50.000 $ / pessoa-ano) | V110: 50000 | W110: 50000 | AA110: =CONCATENATE(A101," (0 - ",W110," $ / person-yr)") -> PIB per capita (0 - 50.000 $ / pessoa-ano) | AB110: =B101/$W110 -> 0.039788002 | AC110: =C101/$W110 -> 0.045681648 | AD110: =D101/$W110 -> 0.050774171 | AE110: =E101/$W110 -> 0.051928204 | AF110: =F101/$W110 -> 0.05657608 | AG110: =G101/$W110 -> 0.061715419 | AH110: =H101/$W110 -> 0.062586919 | AI110: =I101/$W110 -> 0.073136421 | ... AR110: =R101/$W110 -> 0.15415512
U111: =AA111 -> Crescimento da produtividade (0 - 3 % / ano) | V111: 3 | W111: =W113 -> 3 | AA111: =CONCATENATE(A99," (0 - ",W111," % / yr)") -> Crescimento da produtividade (0 - 3 % / ano) | AC111: =C99/$W111 -> 0.96966379 | AD111: =D99/$W111 -> 0.67715864 | AE111: =E99/$W111 -> 0.097845846 | AF111: =F99/$W111 -> 0.54749332 | AG111: =G99/$W111 -> 0.51052009 | AH111: =H99/$W111 -> -0.056660171 | AI111: =I99/$W111 -> 0.93812922 | AJ111: =J99/$W111 -> 0.42154796 | ... AR111: =R99/$W111 -> 0.4
U112: =AA112 -> Produtividade do trabalho (0 - 12.000 $/pessoa-ano) Sua previsão | W112: 12000 | AA112: =CONCATENATE(A98," (0 - ",W112," $ / person-yr) Your forecast") -> Produtividade do trabalho (0 - 12.000 $/pessoa-ano) Sua previsão | AK112: =K105/$W112 -> 0.58752511 | AL112: =L105/$W112 -> 0.62101404 | AM112: =M105/$W112 -> 0.65641184 | AN112: =N105/$W112 -> 0.69382731 | AO112: =O105/$W112 -> 0.73337547 | AP112: =P105/$W112 -> 0.77517787 | AQ112: =Q105/$W112 -> 0.81936301 | AR112: =R105/$W112 -> 0.8660667
U113: =AA113 -> Crescimento da produtividade (0 - 3% ao ano) Sua previsão | W113: 3 | AA113: =CONCATENATE(A99," (0 - ",W113," % / yr) Your forecast") -> Crescimento da produtividade (0 - 3% ao ano) Sua previsão | AK113: =K103/$W113 -> 0.4 | AL113: =L103/$W113 -> 0.38 | AM113: =M103/$W113 -> 0.38 | AN113: =N103/$W113 -> 0.38 | AO113: =O103/$W113 -> 0.38 | AP113: =P103/$W113 -> 0.38 | AQ113: =Q103/$W113 -> 0.38 | AR113: =R103/$W113 -> 0.38
A131: Gráfico 4
A132: =CONCATENATE(A131,". Production (GDP) and Consumption - ",A5," 1970 to 2050") -> Gráfico 4. Produção (PIB) e Consumo - Resto do Mundo, 1970 a 2050
B133: 1970 | C133: 1975 | D133: 1980 | E133: 1985 | F133: 1990 | G133: 1995 | H133: 2000 | I133: 2005 | J133: 2010 | K133: 2015 | L133: 2020 | M133: 2025 | N133: 2030 | O133: 2035 | P133: 2040 | Q133: 2045 | R133: 2050 | S133: Unidades | AA133: Cálculos realizados para ajustar todas as variáveis para valores entre 0 e 1.
A134: =A96 -> PIB ROW | B134: =B96 -> 1.7167296 | C134: =C96 -> 2.2127022 | D134: =D96 -> 2.7771675 | E134: =E96 -> 3.2107326 | F134: =F96 -> 3.9432715 | G134: =G96 -> 4.806548 | H134: =H96 -> 5.3915808 | ... R134: =R96 -> 23.895066 | S134: T$ / ano | U134: Os dados originais provêm de http://pwt.econ.upenn.edu/php_site/pwt70/pwt70_form.php | AB134: 1970 | AC134: 1975 | AD134: 1980 | AE134: 1985 | AF134: 1990 | AG134: 1995 | AH134: 2000 | AI134: 2005 | AJ134: 2010 | AK134: 2015 | AL134: 2020 | AM134: 2025 | AN134: 2030 | AO134: 2035 | AP134: 2040 | AQ134: 2045 | AR134: 2050
A135: Investimento | B135: 0.43716699 | C135: 0.61740119 | D135: 0.8202102 | E135: 0.90078507 | F135: 1.012719 | G135: 1.1583879 | H135: 1.2960006 | I135: 1.3933047 | J135: 1.276417 | K135: =K134*K137/100 -> 1.8140094 | L135: =L134*L137/100 -> 2.389262 | M135: =M134*M137/100 -> 3.0370293 | N135: =N134*N137/100 -> 3.7180012 | O135: =O134*O137/100 -> 4.433485 | P135: =P134*P137/100 -> 5.1741461 | Q135: =Q134*Q137/100 -> 6.0315255 | R135: =R134*R137/100 -> 6.9630855 | S135: T$ / ano | U135: Último acesso em 12 de abril de 2012. | AA135: =CONCATENATE(A96," (0 - ",W155," T$ / yr)") -> PIB Resto do Mundo (0 - 25 trilhões de dólares/ano) | AB135: =B134/$W155 -> 0.068669185 | AC135: =C134/$W155 -> 0.088508089 | AD135: =D134/$W155 -> 0.1110867 | AE135: =E134/$W155 -> 0.1284293 | AF135: =F134/$W155 -> 0.15773086 | AG135: =G134/$W155 -> 0.19226192 | AH135: =H134/$W155 -> 0.21566323 | AI135: =I134/$W155 -> 0.27733708 | ... AR135: =R134/$W155 -> 0.95580263
A136: Consumo | B136: =B134-B135 -> 1.2795626 | C136: =C134-C135 -> 1.595301 | D136: =D134-D135 -> 1.9569573 | E136: =E134-E135 -> 2.3099475 | F136: =F134-F135 -> 2.9305525 | G136: =G134-G135 -> 3.6481601 | H136: =H134-H135 -> 4.0955802 | I136: =I134-I135 -> 5.5401223 | ... R136: =R134-R135 -> 16.93198 | S136: T$ / ano | AA136: =CONCATENATE(A137," (0 - ",W156,"% /yr)") -> Percentagem de investimento (0 - 50%/ano) | AB136: =B137/$W$156 -> 0.50930209 | AC136: =C137/$W$156 -> 0.55805177 | AD136: =D137/$W$156 -> 0.59068111 | AE136: =E137/$W$156 -> 0.56110874 | AF136: =F137/$W$156 -> 0.51364405 | AG136: =G137/$W$156 -> 0.4820041 | AH136: =H137/$W$156 -> 0.48074975 | AI136: =I137/$W$156 -> 0.40190939 | ... AR136: =R137/$W$156 -> 0.5828053
A137: % de participação no investimento | B137: =B135/B134*100 -> 25.465104 | C137: =C135/C134*100 -> 27.902588 | D137: =D135/D134*100 -> 29.534056 | E137: =E135/E134*100 -> 28.055437 | F137: =F135/F134*100 -> 25.682203 | G137: =G135/G134*100 -> 24.100205 | H137: =H135/H134*100 -> 24.037487 | I137: =I135/I134*100 -> 20.09547 | J137: =J135/J134*100 -> 15.412348 | K137: =SUM(K138:K141) -> 17.709261 | L137: =SUM(L138:L141) -> 19.969446 | M137: =SUM(M138:M141) -> 21.877084 | N137: =SUM(N138:N141) -> 23.482813 | O137: =SUM(O138:O141) -> 24.86211 | P137: =SUM(P138:P141) -> 26.071582 | Q137: =SUM(Q138:Q141) -> 27.553687 | R137: =SUM(R138:R141) -> 29.140265 | S137: % por ano | AA137: =CONCATENATE(A136," (0 - ",W157, " T$ / yr)") -> Consumo (0 - 25 T$ / ano) | AB137: =B136/$W$157 -> 0.051182505 | AC137: =C136/$W$157 -> 0.063812041 | AD137: =D136/$W$157 -> 0.078278293 | AE137: =E136/$W$157 -> 0.092397902 | AF137: =F136/$W$157 -> 0.1172221 | AG137: =G136/$W$157 -> 0.1459264 | AH137: =H136/$W$157 -> 0.16382321 | AI137: =I136/$W$157 -> 0.22160489 | ... AR137: =R136/$W$157 -> 0.67727921
A138: Participação no investimento do ano passado mais variação percentual na taxa de investimento normal | K138: =J137 -> 15.412348 | L138: =K138+K141 -> 17.559261 | M138: =L138+L141 -> 19.169446 | N138: =M138+M141 -> 20.377084 | O138: =N138+N141 -> 21.282813 | P138: =O138+O141 -> 21.96211 | Q138: =P138+P141 -> 22.471582 | R138: =Q138+Q141 -> 22.853687 | S138: % por ano | AA138: =CONCATENATE("normal + norm change inv."," (0 - ",W156,"% /yr)") -> normal + mudança normal inv. (0 - 50% /ano) | AK138: =(K138+K141)/$W$156 -> 0.35118522 | AL138: =(L138+L141)/$W$156 -> 0.38338892 | AM138: =(M138+M141)/$W$156 -> 0.40754169 | AN138: =(N138+N141)/$W$156 -> 0.42565627 | AO138: =(O138+O141)/$W$156 -> 0.4392422 | AP138: =(P138+P141)/$W$156 -> 0.44943165 | AQ138: =(Q138+Q141)/$W$156 -> 0.45707374 | AR138: =(R138+R141)/$W$156 -> 0.4628053
A139: % investimento voluntário | K139: 0 | L139: 0 | M139: 0 | N139: 0 | O139: 0 | P139: 0 | Q139: 0 | R139: 0 | S139: % por ano | AA139: =CONCATENATE("normal + voluntary inv."," (0 - ",W156,"% /yr)") -> Inventário normal + voluntário (0 - 50% /ano) | AK139: =(K138+K141+K139)/$W$156 -> 0.35118522 | AL139: =(L138+L141+L139)/$W$156 -> 0.38338892 | AM139: =(M138+M141+M139)/$W$156 -> 0.40754169 | AN139: =(N138+N141+N139)/$W$156 -> 0.42565627 | AO139: =(O138+O141+O139)/$W$156 -> 0.4392422 | AP139: =(P138+P141+P139)/$W$156 -> 0.44943165 | AQ139: =(Q138+Q141+Q139)/$W$156 -> 0.45707374 | AR139: =(R138+R141+R139)/$W$156 -> 0.4628053
A140: % investimento forçado | K140: 0.15 | L140: 0.8 | M140: 1.5 | N140: 2.2 | O140: 2.9 | P140: 3.6 | Q140: 4.7 | R140: 6 | S140: % por ano | AA140: =CONCATENATE("normal + voluntary + forced inv."," (0 - ",W156,"% /yr)") -> Inventário normal + voluntário + forçado (0 - 50% /ano) | AK140: =(K138+K139+K140+K141)/$W$156 -> 0.35418522 | AL140: =(L138+L139+L140+L141)/$W$156 -> 0.39938892 | AM140: =(M138+M139+M140+M141)/$W$156 -> 0.43754169 | AN140: =(N138+N139+N140+N141)/$W$156 -> 0.46965627 | AO140: =(O138+O139+O140+O141)/$W$156 -> 0.4972422 | AP140: =(P138+P139+P140+P141)/$W$156 -> 0.52143165 | AQ140: =(Q138+Q139+Q140+Q141)/$W$156 -> 0.55107374 | AR140: =(R138+R139+R140+R141)/$W$156 -> 0.5828053
A141: Variação percentual na taxa de investimento normal | K141: =5*(24 - K$138)/20 -> 2.146913 | L141: =5*(24 - L$138)/20 -> 1.6101847 | M141: =5*(24 - M$138)/20 -> 1.2076385 | N141: =5*(24 - N$138)/20 -> 0.90572891 | O141: =5*(24 - O$138)/20 -> 0.67929668 | P141: =5*(24 - P$138)/20 -> 0.50947251 | Q141: =5*(24 - Q$138)/20 -> 0.38210438 | R141: =5*(24 - R$138)/20 -> 0.28657829 | S141: % por ano | AA141: investimento sem ajuste à norma mundial | AK141: =K138*K$134/100 -> 1.5787301 | AL141: =L138*L$134/100 -> 2.1008933 | AM141: =M138*M$134/100 -> 2.6611484 | AN141: =N138*N$134/100 -> 3.2262755 | AO141: =O138*O$134/100 -> 3.7952143 | AP141: =P138*P$134/100 -> 4.3585834 | AQ141: =Q138*Q$134/100 -> 4.9190485 | AR141: =R138*R$134/100 -> 5.4609035
A142: Sua previsão
...

Sheet  SumWorld
A1: Prezado(a) usuário(a): Esta é a versão de 7 de novembro de 2014, às 11h, da planilha de 2052 de Ulrich Goluke (2052@blue-way.net)
A2: Prezado(a) usuário(a): O lado esquerdo desta planilha contém os dados numéricos e os gráficos que você também encontra no livro de 2052. | U2: Prezado(a) usuário(a): Os cálculos nesta parte à direita da planilha garantem o dimensionamento correto dos gráficos.
U3: Contém também a fonte dos dados históricos.
I4: Código de cores | J4: Dados históricos | M4: Sua previsão
A5: SumWorld | J5: Previsão de Randers | M5: Calculado a partir da sua previsão.
J6: Valores calculados
A7: =CONCATENATE("Graph 1. Population - ",A5," 1970 to 2050") -> Gráfico 1. População - SumWorld de 1970 a 2050
B8: 1970 | C8: 1975 | D8: 1980 | E8: 1985 | F8: 1990 | G8: 1995 | H8: 2000 | I8: 2005 | J8: 2010 | K8: 2015 | L8: 2020 | M8: 2025 | N8: 2030 | O8: 2035 | P8: 2040 | Q8: 2045 | R8: 2050 | S8: Unidades
A9: População, SumWorld | B9: =EUA!B9+ China!B9+ OCDE!B9+ BRISE!B9+ LINHA!B9 -> 3696.1863 | C9: =EUA!C9+ China!C9+ OCDE!C9+ BRISE!C9+ LINHA!C9 -> 4076.4192 | D9: =EUA!D9+ China!D9+ OCDE!D9+ BRISE!D9+ LINHA!D9 -> 4453.0075 | E9: =EUA!E9+ China!E9+ OCDE!E9+ BRISE!E9+ LINHA!E9 -> 4863.2899 | F9: =EUA!F9+ China!F9+ OCDE!F9+ BRISE!F9+ LINHA!F9 -> 5306.4252 | G9: =EUA!G9+ China!G9+ OCDE!G9+ BRISE!G9+ LINHA!G9 -> 5726.2393 | H9: =EUA!H9+ China!H9+ OCDE!H9+ BRISE!H9+ LINHA!H9 -> 6122.7702 | I9: =EUA!I9+ China!I9+ OCDE!I9+ BRISE!I9+ LINHA!I9 -> 6506.6492 | ... R9: =EUA!R9+ China!R9+ OCDE!R9+ BRISE!R9+ LINHA!R9 -> 7965.641 | S9: Deputado | U9: A tabela original foi baixada de http://esa.un.org/unpd/wpp/Excel-Data/DB03_Population_ByAgeSex_Quinquennial/WPP2010_DB3_F1_POPULATION_BY_AGE_BOTH_SEXES.XLS
A10: Nascimentos, SumWorld | B10: =EUA!B10+ China!B10+ OCDE!B10+ BRISE!B10+ LINHA!B10 -> 121.71522 | C10: =EUA!C10+ China!C10+ OCDE!C10+ BRISE!C10+ LINHA!C10 -> 120.67588 | D10: =EUA!D10+ China!D10+ OCDE!D10+ BRISE!D10+ LINHA!D10 -> 129.08774 | E10: =EUA!E10+ China!E10+ OCDE!E10+ BRISE!E10+ LINHA!E10 -> 137.20726 | F10: =EUA!F10+ China!F10+ OCDE!F10+ BRISE!F10+ LINHA!F10 -> 134.96031 | G10: =EUA!G10+ China!G10+ OCDE!G10+ BRISE!G10+ LINHA!G10 -> 132.47255 | H10: =EUA!H10+ China!H10+ OCDE!H10+ BRISE!H10+ LINHA!H10 -> 131.64423 | I10: =EUA!I10+ China!I10+ OCDE!I10+ BRISE!I10+ LINHA!I10 -> 134.07246 | ... R10: =EUA!R10+ China!R10+ OCDE!R10+ BRISE!R10+ LINHA!R10 -> 66.092421 | S10: Mp/ano | U10: Último acesso em 11 de abril de 2012
A11: Mortes, SumWorld | B11: =EUA!B11+ China!B11+ OCDE!B11+ BRISE!B11+ LINHA!B11 -> 45.668642 | C11: =EUA!C11+ China!C11+ OCDE!C11+ BRISE!C11+ LINHA!C11 -> 45.358224 | D11: =EUA!D11+ China!D11+ OCDE!D11+ BRISE!D11+ LINHA!D11 -> 47.03125 | E11: =EUA!E11+ China!E11+ OCDE!E11+ BRISE!E11+ LINHA!E11 -> 48.58022 | F11: =EUA!F11+ China!F11+ OCDE!F11+ BRISE!F11+ LINHA!F11 -> 50.997478 | G11: =EUA!G11+ China!G11+ OCDE!G11+ BRISE!G11+ LINHA!G11 -> 53.166371 | H11: =EUA!H11+ China!H11+ OCDE!H11+ BRISE!H11+ LINHA!H11 -> 54.868432 | I11: =EUA!I11+ China!I11+ OCDE!I11+ BRISE!I11+ LINHA!I11 -> 56.224489 | ... R11: =EUA!R11+ China!R11+ OCDE!R11+ BRISE!R11+ LINHA!R11 -> 96.038515 | S11: Mp/ano | U11: Para valores futuros, foi utilizada a variante BAIXA.
A12: taxa bruta de natalidade | B12: =B10/B9*100 -> 3.2929948 | C12: =C10/C9*100 -> 2.9603403 | D12: =D10/D9*100 -> 2.8988889 | E12: =E10/E9*100 -> 2.8212849 | F12: =F10/F9*100 -> 2.5433376 | G12: =G10/G9*100 -> 2.3134303 | H12: =H10/H9*100 -> 2.1500762 | I12: =I10/I9*100 -> 2.0605454 | ... R12: =R10/R9*100 -> 0.8297188 | S12: % por ano
A13: taxa bruta de mortalidade | B13: =B11/B9*100 -> 1.2355611 | C13: =C11/C9*100 -> 1.1126977 | D13: =D11/D9*100 -> 1.0561682 | E13: =E11/E9*100 -> 0.9989168 | F13: =F11/F9*100 -> 0.9610515 | G13: =G11/G9*100 -> 0.92846925 | H13: =H11/H9*100 -> 0.89613738 | I13: =I11/I9*100 -> 0.8641082 | ... R13: =R11/R9*100 -> 1.2056596 | S13: % por ano
A14: Sua previsão
G15: taxa bruta de natalidade | I15: Sua previsão | J15: =J18/J9*100 -> 1.8113798 | K15: =K18/K17*100 -> 1.5947114 | L15: =L18/L17*100 -> 1.437927 | M15: =M18/M17*100 -> 1.3217194 | N15: =N18/N17*100 -> 1.2225202 | O15: =O18/O17*100 -> 1.1217371 | P15: =P18/P17*100 -> 1.0170583 | Q15: =Q18/Q17*100 -> 0.91727472 | R15: =R18/R17*100 -> 0.81262936 | S15: % por ano
G16: taxa bruta de mortalidade | I16: Sua previsão | J16: =J19/J9*100 -> 0.8349007 | K16: =K19/K17*100 -> 0.83686697 | L16: =L19/L17*100 -> 0.85811845 | M16: =M19/M17*100 -> 0.89090646 | N16: =N19/N17*100 -> 0.94250753 | O16: =O19/O17*100 -> 1.0010654 | P16: =P19/P17*100 -> 1.0621268 | Q16: =Q19/Q17*100 -> 1.1232507 | R16: =R19/R17*100 -> 1.1823111 | S16: % por ano
I17: População, SumWorld | K17: =EUA!K17+ China!K17+ OCDE!K17+ BRISE!K17+ LINHA!K17 -> 7232.5736 | L17: =EUA!L17+ China!L17+ OCDE!L17+ BRISE!L17+ LINHA!L17 -> 7506.6319 | M17: =EUA!M17+ China!M17+ OCDE!M17+ BRISE!M17+ LINHA!M17 -> 7724.2523 | N17: =EUA!N17+ China!N17+ OCDE!N17+ BRISE!N17+ LINHA!N17 -> 7890.6377 | O17: =EUA!O17+ China!O17+ OCDE!O17+ BRISE!O17+ LINHA!O17 -> 8001.1117 | P17: =EUA!P17+ China!P17+ OCDE!P17+ BRISE!P17+ LINHA!P17 -> 8049.3871 | Q17: =EUA!Q17+ China!Q17+ OCDE!Q17+ BRISE!Q17+ LINHA!Q17 -> 8031.2484 | R17: =EUA!R17+ China!R17+ OCDE!R17+ BRISE!R17+ LINHA!R17 -> 7948.5361 | S17: Deputado
I18: Nascimentos, SumWorld | J18: =EUA!J18+ China!J18+ OCDE!J18+ BRISE!J18+ LINHA!J18 -> 124.91074 | K18: =EUA!K18+ China!K18+ OCDE!K18+ BRISE!K18+ LINHA!K18 -> 115.33868 | L18: =EUA!L18+ China!L18+ OCDE!L18+ BRISE!L18+ LINHA!L18 -> 107.93989 | M18: =EUA!M18+ China!M18+ OCDE!M18+ BRISE!M18+ LINHA!M18 -> 102.09294 | N18: =EUA!N18+ China!N18+ OCDE!N18+ BRISE!N18+ LINHA!N18 -> 96.464641 | O18: =EUA!O18+ China!O18+ OCDE!O18+ BRISE!O18+ LINHA!O18 -> 89.75144 | P18: =EUA!P18+ China!P18+ OCDE!P18+ BRISE!P18+ LINHA!P18 -> 81.866963 | Q18: =EUA!Q18+ China!Q18+ OCDE!Q18+ BRISE!Q18+ LINHA!Q18 -> 73.668611 | R18: =EUA!R18+ China!R18+ OCDE!R18+ BRISE!R18+ LINHA!R18 -> 64.592139 | S18: Mp/ano
I19: Mortes, SumWorld | J19: =EUA!J19+ China!J19+ OCDE!J19+ BRISE!J19+ LINHA!J19 -> 57.573826 | K19: =EUA!K19+ China!K19+ OCDE!K19+ BRISE!K19+ LINHA!K19 -> 60.527019 | L19: =EUA!L19+ China!L19+ OCDE!L19+ BRISE!L19+ LINHA!L19 -> 64.415793 | M19: =EUA!M19+ China!M19+ OCDE!M19+ BRISE!M19+ LINHA!M19 -> 68.815863 | N19: =EUA!N19+ China!N19+ OCDE!N19+ BRISE!N19+ LINHA!N19 -> 74.369855 | O19: =EUA!O19+ China!O19+ OCDE!O19+ BRISE!O19+ LINHA!O19 -> 80.096362 | P19: =EUA!P19+ China!P19+ OCDE!P19+ BRISE!P19+ LINHA!P19 -> 85.4947 | Q19: =EUA!Q19+ China!Q19+ OCDE!Q19+ BRISE!Q19+ LINHA!Q19 -> 90.211056 | R19: =EUA!R19+ China!R19+ OCDE!R19+ BRISE!R19+ LINHA!R19 -> 93.976428 | S19: Mp/ano
A20: Apenas para fins informativos
A21: Previsão baixa da população da ONU | K21: =EUA!K21+ China!K21+ OCDE!K21+ BRISE!K21+ LINHA!K21 -> 7217.2752 | L21: =EUA!L21+ China!L21+ OCDE!L21+ BRISE!L21+ LINHA!L21 -> 7480.2253 | M21: =EUA!M21+ China!M21+ OCDE!M21+ BRISE!M21+ LINHA!M21 -> 7689.1353 | N21: =EUA!N21+ China!N21+ OCDE!N21+ BRISE!N21+ LINHA!N21 -> 7867.3323 | O21: =EUA!O21+ China!O21+ OCDE!O21+ BRISE!O21+ LINHA!O21 -> 8006.642 | P21: =EUA!P21+ China!P21+ OCDE!P21+ BRISE!P21+ LINHA!P21 -> 8096.7246 | Q21: =EUA!Q21+ China!Q21+ OCDE!Q21+ BRISE!Q21+ LINHA!Q21 -> 8131.4324 | R21: =EUA!R21+ China!R21+ OCDE!R21+ BRISE!R21+ LINHA!R21 -> 8112.1908 | S21: Deputado
A22: Nascimentos: baixa previsão da ONU | J22: =EUA!J22+ China!J22+ OCDE!J22+ BRISE!J22+ LINHA!J22 -> 121.85305 | K22: =EUA!K22+ China!K22+ OCDE!K22+ BRISE!K22+ LINHA!K22 -> 112.62321 | L22: =EUA!L22+ China!L22+ OCDE!L22+ BRISE!L22+ LINHA!L22 -> 105.11721 | M22: =EUA!M22+ China!M22+ OCDE!M22+ BRISE!M22+ LINHA!M22 -> 103.17467 | N22: =EUA!N22+ China!N22+ OCDE!N22+ BRISE!N22+ LINHA!N22 -> 100.42335 | O22: =EUA!O22+ China!O22+ OCDE!O22+ BRISE!O22+ LINHA!O22 -> 96.18095 | P22: =EUA!P22+ China!P22+ OCDE!P22+ BRISE!P22+ LINHA!P22 -> 90.77112 | Q22: =EUA!Q22+ China!Q22+ OCDE!Q22+ BRISE!Q22+ LINHA!Q22 -> 85.363724 | R22: =EUA!R22+ China!R22+ OCDE!R22+ BRISE!R22+ LINHA!R22 -> 80.863152 | S22: Mp/ano
A23: Mortes: previsão baixa da ONU | J23: =EUA!J23+ China!J23+ OCDE!J23+ BRISE!J23+ LINHA!J23 -> 57.575808 | K23: =EUA!K23+ China!K23+ OCDE!K23+ BRISE!K23+ LINHA!K23 -> 60.033191 | L23: =EUA!L23+ China!L23+ OCDE!L23+ BRISE!L23+ LINHA!L23 -> 63.335222 | M23: =EUA!M23+ China!M23+ OCDE!M23+ BRISE!M23+ LINHA!M23 -> 67.53526 | N23: =EUA!N23+ China!N23+ OCDE!N23+ BRISE!N23+ LINHA!N23 -> 72.561402 | O23: =EUA!O23+ China!O23+ OCDE!O23+ BRISE!O23+ LINHA!O23 -> 78.164428 | P23: =EUA!P23+ China!P23+ OCDE!P23+ BRISE!P23+ LINHA!P23 -> 83.829553 | Q23: =EUA!Q23+ China!Q23+ OCDE!Q23+ BRISE!Q23+ LINHA!Q23 -> 89.21205 | R23: =EUA!R23+ China!R23+ OCDE!R23+ BRISE!R23+ LINHA!R23 -> 94.067257 | S23: Mp/ano
A24: Baixa taxa de natalidade da ONU | J24: =J22/J9*100 -> 1.7670391 | K24: =K22/K21*100 -> 1.5604672 | L24: =L22/L21*100 -> 1.405268 | M24: =M22/M21*100 -> 1.3418241 | N24: =N22/N21*100 -> 1.27646 | O24: =O22/O21*100 -> 1.2012645 | P24: =P22/P21*100 -> 1.1210845 | Q24: =Q22/Q21*100 -> 1.0497993 | R24: =R22/R21*100 -> 0.99681028 | S24: % por ano
A25: Baixa taxa de mortalidade da ONU | J25: =J23/J9*100 -> 0.83492944 | K25: =K23/K21*100 -> 0.83179856 | L25: =L23/L21*100 -> 0.84670206 | M25: =M23/M21*100 -> 0.87832062 | N25: =N23/N21*100 -> 0.92231266 | O25: =O23/O21*100 -> 0.97624482 | P25: =P23/P21*100 -> 1.0353514 | Q25: =Q23/Q21*100 -> 1.0971259 | R25: =R23/R21*100 -> 1.159579 | S25: % por ano | X25: Prezado(a) usuário(a): Utilize a tabela amarela abaixo para definir o valor máximo nos eixos verticais do gráfico.
E26: Para taxas: o valor inserido no ano n é o valor médio anual entre n e n+5. | V26: Valor máximo no eixo vertical | AA26: Cálculos realizados para ajustar todas as variáveis para valores entre 0 e 1.
U27: Para o gráfico à esquerda, nomes das variáveis (unidade) | V27: nos gráficos originais de Randers | W27: Na sua previsão | AB27: 1970 | AC27: 1975 | AD27: 1980 | AE27: 1985 | AF27: 1990 | AG27: 1995 | AH27: 2000 | AI27: 2005 | AJ27: 2010 | AK27: 2015 | AL27: 2020 | AM27: 2025 | AN27: 2030 | AO27: 2035 | AP27: 2040 | AQ27: 2045 | AR27: 2050
U28: =AA28 -> População, SumWorld (0 - 9 Gp) | V28: 9000 | W28: =W38 -> 9000 | AA28: =CONCATENATE(A9," (0 - ",W28/1000," Gp)") -> População, SumWorld (0 - 9 Gp) | AB28: =B9/$W28 -> 0.41068737 | AC28: =C9/$W28 -> 0.45293547 | AD28: =D9/$W28 -> 0.49477861 | AE28: =E9/$W28 -> 0.54036555 | AF28: =F9/$W28 -> 0.58960279 | AG28: =G9/$W28 -> 0.63624881 | AH28: =H9/$W28 -> 0.6803078 | AI28: =I9/$W28 -> 0.72296102 | ... AR28: =R9/$W28 -> 0.88507122
U29: =AA29 -> Nascimentos, SumWorld (0 - 150 milhões/ano) | V29: 150 | W29: =W39 -> 150 | AA29: =CONCATENATE(A10," (0 - ",W29," Mp / yr)") -> Nascimentos, SumWorld (0 - 150 milhões/ano) | AB29: =B10/$W29 -> 0.81143481 | AC29: =C10/$W29 -> 0.80450587 | AD29: =D10/$W29 -> 0.86058494 | AE29: =E10/$W29 -> 0.9147151 | AF29: =F10/$W29 -> 0.89973538 | AG29: =G10/$W29 -> 0.88315036 | AH29: =H10/$W29 -> 0.87762817 | AI29: =I10/$W29 -> 0.89381641 | ... AR29: =R10/$W29 -> 0.44061614
U30: =AA30 -> Mortes, SumWorld (0 - 100 milhões/ano) | V30: 100 | W30: =W40 -> 100 | AA30: =CONCATENATE(A11," (0 - ",W30," Mp / yr)") -> Mortes, SumWorld (0 - 100 milhões/ano) | AB30: =B11/$W30 -> 0.45668642 | AC30: =C11/$W30 -> 0.45358224 | AD30: =D11/$W30 -> 0.4703125 | AE30: =E11/$W30 -> 0.4858022 | AF30: =F11/$W30 -> 0.50997478 | AG30: =G11/$W30 -> 0.53166371 | AH30: =H11/$W30 -> 0.54868432 | AI30: =I11/$W30 -> 0.56224489 | ... AR30: =R11/$W30 -> 0.96038515
U31: =AA31 -> Taxa bruta de natalidade (0 - 4 % / ano) | V31: 4 | W31: =W41 -> 4 | AA31: =CONCATENATE(A12," (0 - ",W31," % / yr)") -> Taxa bruta de natalidade (0 - 4 % / ano) | AB31: =B12/$W31 -> 0.82324869 | AC31: =C12/$W31 -> 0.74008508 | AD31: =D12/$W31 -> 0.72472223 | AE31: =E12/$W31 -> 0.70532123 | AF31: =F12/$W31 -> 0.6358344 | AG31: =G12/$W31 -> 0.57835757 | AH31: =H12/$W31 -> 0.53751905 | AI31: =I12/$W31 -> 0.51513635 | ... AR31: =R12/$W31 -> 0.2074297
U32: =AA32 -> Taxa bruta de mortalidade (0 - 2 % / ano) | V32: 2 | W32: =W42 -> 2 | AA32: =CONCATENATE(A13," (0 - ",W32," % / yr)") -> Taxa bruta de mortalidade (0 - 2 % / ano) | AB32: =B13/$W32 -> 0.61778057 | AC32: =C13/$W32 -> 0.55634887 | AD32: =D13/$W32 -> 0.52808412 | AE32: =E13/$W32 -> 0.4994584 | AF32: =F13/$W32 -> 0.48052575 | AG32: =G13/$W32 -> 0.46423462 | AH32: =H13/$W32 -> 0.44806869 | AI32: =I13/$W32 -> 0.4320541 | ... AR32: =R13/$W32 -> 0.6028298
U33: =AA33 -> Previsão de baixa populacional da ONU (0 - 9 Gp) | W33: =W28 -> 9000 | AA33: =CONCATENATE(A21," (0 - ",W33/1000," Gp)") -> Previsão de baixa populacional da ONU (0 - 9 Gp) | AK33: =K21/$W33 -> 0.80191947 | AL33: =L21/$W33 -> 0.83113615 | AM33: =M21/$W33 -> 0.85434836 | AN33: =N21/$W33 -> 0.87414803 | AO33: =O21/$W33 -> 0.88962689 | AP33: =P21/$W33 -> 0.89963607 | AQ33: =Q21/$W33 -> 0.90349249 | AR33: =R21/$W33 -> 0.90135453
U34: =AA34 -> Nascimentos: Previsão baixa da ONU (0 - 150 milhões/ano) | W34: =W29 -> 150 | AA34: =CONCATENATE(A22," (0 - ",W34," Mp / yr)") -> Nascimentos: Previsão baixa da ONU (0 - 150 milhões/ano) | AJ34: =J22/$W34 -> 0.81235369 | AK34: =K22/$W34 -> 0.75082141 | AL34: =L22/$W34 -> 0.70078142 | AM34: =M22/$W34 -> 0.68783114 | AN34: =N22/$W34 -> 0.66948898 | AO34: =O22/$W34 -> 0.64120633 | AP34: =P22/$W34 -> 0.6051408 | AQ34: =Q22/$W34 -> 0.5690915 | AR34: =R22/$W34 -> 0.53908768
U35: =AA35 -> Mortes: Previsão baixa da ONU (0 - 100 milhões/ano) | W35: =W30 -> 100 | AA35: =CONCATENATE(A23," (0 - ",W35," Mp / yr)") -> Mortes: Previsão baixa da ONU (0 - 100 milhões/ano) | AJ35: =J23/$W35 -> 0.57575808 | AK35: =K23/$W35 -> 0.60033191 | AL35: =L23/$W35 -> 0.63335222 | AM35: =M23/$W35 -> 0.6753526 | AN35: =N23/$W35 -> 0.72561402 | AO35: =O23/$W35 -> 0.78164428 | AP35: =P23/$W35 -> 0.83829553 | AQ35: =Q23/$W35 -> 0.8921205 | AR35: =R23/$W35 -> 0.94067257
U36: =AA36 -> Baixa taxa de natalidade da ONU (0 - 4% / ano) | W36: =W31 -> 4 | AA36: =CONCATENATE(A24," (0 - ",W36," % / yr)") -> Baixa taxa de natalidade da ONU (0 - 4% / ano) | AJ36: =J24/$W36 -> 0.44175977 | AK36: =K24/$W36 -> 0.39011679 | AL36: =L24/$W36 -> 0.351317 | AM36: =M24/$W36 -> 0.33545603 | AN36: =N24/$W36 -> 0.31911499 | AO36: =O24/$W36 -> 0.30031613 | AP36: =P24/$W36 -> 0.28027111 | AQ36: =Q24/$W36 -> 0.26244984 | AR36: =R24/$W36 -> 0.24920257
